trial,composition,agent,agent_type,wealth,return_pct
0,balanced,random_0,random,6176.940140829685,-38.23059859170315
0,balanced,momentum_1,momentum,8023.178830014172,-19.768211699858284
0,balanced,mean_rev_2,mean_rev,10861.383422932106,8.613834229321055
0,balanced,value_3,value,10750.293349722087,7.502933497220875
0,balanced,genre_4,genre,19818.93169595507,98.18931695955071
0,balanced,career_5,career,8870.160390554505,-11.298396094454947
0,balanced,loyalty_6,loyalty,9507.712373191926,-4.922876268080745
0,balanced,trend_7,trend,5093.031231803487,-49.069687681965135
1,balanced,random_0,random,6314.648979337177,-36.853510206628236
1,balanced,momentum_1,momentum,8081.2917614496355,-19.187082385503643
1,balanced,mean_rev_2,mean_rev,11710.577001804428,17.10577001804428
1,balanced,value_3,value,9421.909961487958,-5.780900385120422
1,balanced,genre_4,genre,19753.0771140839,97.530771140839
1,balanced,career_5,career,9798.797093221134,-2.0120290677886623
1,balanced,loyalty_6,loyalty,9440.056874810787,-5.5994312518921285
1,balanced,trend_7,trend,4093.095918384462,-59.06904081615537
2,balanced,random_0,random,6362.823556280215,-36.371764437197854
2,balanced,momentum_1,momentum,7896.971848238091,-21.030281517619088
2,balanced,mean_rev_2,mean_rev,10271.706784228558,2.7170678422855783
2,balanced,value_3,value,10133.50485513063,1.3350485513062995
2,balanced,genre_4,genre,20962.30487563618,109.62304875636178
2,balanced,career_5,career,9802.79477063516,-1.972052293648394
2,balanced,loyalty_6,loyalty,9685.667771710016,-3.143322282899844
2,balanced,trend_7,trend,4352.909178438017,-56.47090821561983
3,balanced,random_0,random,6733.610466261861,-32.66389533738139
3,balanced,momentum_1,momentum,8764.398634955327,-12.35601365044673
3,balanced,mean_rev_2,mean_rev,11418.904497032836,14.189044970328359
3,balanced,value_3,value,10159.469920917869,1.5946992091786887
3,balanced,genre_4,genre,21559.07341391838,115.59073413918381
3,balanced,career_5,career,11555.389837709321,15.55389837709321
3,balanced,loyalty_6,loyalty,9703.638409753536,-2.9636159024646442
3,balanced,trend_7,trend,4674.868988587082,-53.25131011412918
4,balanced,random_0,random,6929.703579008031,-30.702964209919692
4,balanced,momentum_1,momentum,8453.734374528194,-15.462656254718059
4,balanced,mean_rev_2,mean_rev,9790.508756308767,-2.0949124369123275
4,balanced,value_3,value,10630.296378863542,6.302963788635425
4,balanced,genre_4,genre,20670.530134301953,106.70530134301953
4,balanced,career_5,career,10628.023336268923,6.280233362689232
4,balanced,loyalty_6,loyalty,9576.672151011868,-4.2332784898813225
4,balanced,trend_7,trend,4782.7376902431515,-52.17262309756848
5,balanced,random_0,random,6533.065854731514,-34.669341452684854
5,balanced,momentum_1,momentum,8597.60258702338,-14.023974129766193
5,balanced,mean_rev_2,mean_rev,11233.571011635888,12.335710116358877
5,balanced,value_3,value,10383.942948992433,3.839429489924332
5,balanced,genre_4,genre,19745.759376942944,97.45759376942944
5,balanced,career_5,career,8860.227552255406,-11.397724477445935
5,balanced,loyalty_6,loyalty,9687.78072279538,-3.122192772046201
5,balanced,trend_7,trend,4969.696676269122,-50.30303323730878
6,balanced,random_0,random,6572.937941907953,-34.270620580920465
6,balanced,momentum_1,momentum,8217.784532281032,-17.822154677189683
6,balanced,mean_rev_2,mean_rev,12731.290653467608,27.312906534676078
6,balanced,value_3,value,10723.059002763472,7.230590027634716
6,balanced,genre_4,genre,20112.524720647434,101.12524720647434
6,balanced,career_5,career,10555.048118644836,5.55048118644836
6,balanced,loyalty_6,loyalty,9580.70657641686,-4.192934235831399
6,balanced,trend_7,trend,4939.24336491501,-50.6075663508499
7,balanced,random_0,random,7006.849169766023,-29.931508302339772
7,balanced,momentum_1,momentum,8024.652600512845,-19.75347399487155
7,balanced,mean_rev_2,mean_rev,10575.178817273816,5.751788172738161
7,balanced,value_3,value,9878.374799891088,-1.216252001089124
7,balanced,genre_4,genre,21206.432262337417,112.06432262337417
7,balanced,career_5,career,8967.4254761784,-10.325745238216005
7,balanced,loyalty_6,loyalty,9692.125271377563,-3.0787472862243703
7,balanced,trend_7,trend,3807.5425411538527,-61.924574588461475
8,balanced,random_0,random,6386.530349260158,-36.134696507398424
8,balanced,momentum_1,momentum,8369.146274671863,-16.308537253281376
8,balanced,mean_rev_2,mean_rev,11244.653571550436,12.44653571550436
8,balanced,value_3,value,10925.807840469859,9.25807840469859
8,balanced,genre_4,genre,19825.892002065295,98.25892002065295
8,balanced,career_5,career,9226.106002479328,-7.738939975206722
8,balanced,loyalty_6,loyalty,9742.633676134568,-2.573663238654317
8,balanced,trend_7,trend,4416.458895576955,-55.83541104423045
9,balanced,random_0,random,7299.5898560787355,-27.004101439212647
9,balanced,momentum_1,momentum,8856.221929930423,-11.437780700695766
9,balanced,mean_rev_2,mean_rev,9708.738247105252,-2.912617528947485
9,balanced,value_3,value,10884.920751901502,8.849207519015017
9,balanced,genre_4,genre,22738.605224168277,127.38605224168278
9,balanced,career_5,career,9114.156749945407,-8.858432500545932
9,balanced,loyalty_6,loyalty,9565.456915277631,-4.345430847223688
9,balanced,trend_7,trend,4726.129398184088,-52.73870601815912
10,balanced,random_0,random,6925.57951151338,-30.744204884866203
10,balanced,momentum_1,momentum,8147.448906386757,-18.52551093613243
10,balanced,mean_rev_2,mean_rev,9757.332885262125,-2.4266711473787472
10,balanced,value_3,value,8933.49960457726,-10.665003954227394
10,balanced,genre_4,genre,20373.675260202483,103.73675260202482
10,balanced,career_5,career,9156.322344961618,-8.43677655038382
10,balanced,loyalty_6,loyalty,9695.551217099988,-3.044487829000118
10,balanced,trend_7,trend,4338.512492863802,-56.61487507136198
11,balanced,random_0,random,6869.447794500201,-31.30552205499799
11,balanced,momentum_1,momentum,7838.859040647148,-21.611409593528524
11,balanced,mean_rev_2,mean_rev,11246.483527537688,12.464835275376881
11,balanced,value_3,value,10399.77551009521,3.9977551009521086
11,balanced,genre_4,genre,21734.22694233031,117.34226942330311
11,balanced,career_5,career,11960.742287306026,19.60742287306026
11,balanced,loyalty_6,loyalty,9436.507440563886,-5.634925594361139
11,balanced,trend_7,trend,3678.9562403708915,-63.21043759629109
12,balanced,random_0,random,6655.117680193456,-33.44882319806544
12,balanced,momentum_1,momentum,9137.833296413526,-8.62166703586474
12,balanced,mean_rev_2,mean_rev,9469.58278478717,-5.304172152128303
12,balanced,value_3,value,9737.447033456685,-2.6255296654331506
12,balanced,genre_4,genre,20602.35526951539,106.02355269515388
12,balanced,career_5,career,11309.700275296398,13.09700275296398
12,balanced,loyalty_6,loyalty,9483.536342915613,-5.164636570843868
12,balanced,trend_7,trend,4777.18125151401,-52.2281874848599
13,balanced,random_0,random,6648.105739125082,-33.51894260874918
13,balanced,momentum_1,momentum,8031.3938787212455,-19.686061212787546
13,balanced,mean_rev_2,mean_rev,9258.732403483791,-7.412675965162089
13,balanced,value_3,value,9557.9371586242,-4.4206284137580045
13,balanced,genre_4,genre,19599.717710755667,95.99717710755667
13,balanced,career_5,career,10202.155807961872,2.0215580796187167
13,balanced,loyalty_6,loyalty,9452.426657597105,-5.475733424028949
13,balanced,trend_7,trend,3872.678886627421,-61.27321113372579
14,balanced,random_0,random,6833.583574354287,-31.664164256457134
14,balanced,momentum_1,momentum,8078.148922031446,-19.218510779685538
14,balanced,mean_rev_2,mean_rev,9497.153492688081,-5.028465073119187
14,balanced,value_3,value,10463.191156839071,4.631911568390715
14,balanced,genre_4,genre,20276.80363331162,102.76803633311621
14,balanced,career_5,career,8073.64240920907,-19.2635759079093
14,balanced,loyalty_6,loyalty,9666.759508114828,-3.3324049188517164
14,balanced,trend_7,trend,4758.934470977809,-52.41065529022191
15,balanced,random_0,random,6638.731774552197,-33.61268225447803
15,balanced,momentum_1,momentum,7741.390711631577,-22.58609288368423
15,balanced,mean_rev_2,mean_rev,9687.839697179332,-3.1216030282066822
15,balanced,value_3,value,10097.080190843843,0.9708019084384251
15,balanced,genre_4,genre,19303.04847746523,93.03048477465228
15,balanced,career_5,career,9739.93837224355,-2.6006162775644954
15,balanced,loyalty_6,loyalty,9722.597418104373,-2.77402581895627
15,balanced,trend_7,trend,4289.077264765146,-57.10922735234854
16,balanced,random_0,random,6619.918112677697,-33.80081887322304
16,balanced,momentum_1,momentum,7981.397248464541,-20.18602751535459
16,balanced,mean_rev_2,mean_rev,8980.058207252905,-10.19941792747095
16,balanced,value_3,value,10629.300805892011,6.293008058920114
16,balanced,genre_4,genre,19855.825492745636,98.55825492745636
16,balanced,career_5,career,10230.716555377387,2.3071655537738662
16,balanced,loyalty_6,loyalty,9547.089569438538,-4.529104305614619
16,balanced,trend_7,trend,4870.196767385191,-51.29803232614809
17,balanced,random_0,random,6925.080180166829,-30.749198198331705
17,balanced,momentum_1,momentum,8742.263330983842,-12.577366690161579
17,balanced,mean_rev_2,mean_rev,11572.046284085527,15.720462840855271
17,balanced,value_3,value,10251.581880985219,2.5158188098521896
17,balanced,genre_4,genre,20355.660467204296,103.55660467204297
17,balanced,career_5,career,10488.473066838882,4.88473066838882
17,balanced,loyalty_6,loyalty,9614.111191246753,-3.8588880875324687
17,balanced,trend_7,trend,4508.230543063391,-54.917694569366084
18,balanced,random_0,random,7020.638008391275,-29.793619916087245
18,balanced,momentum_1,momentum,8527.69691041168,-14.723030895883204
18,balanced,mean_rev_2,mean_rev,10181.82224654866,1.8182224654865968
18,balanced,value_3,value,10743.665108230027,7.436651082300268
18,balanced,genre_4,genre,21055.5128250634,110.55512825063401
18,balanced,career_5,career,10903.31329163422,9.033132916342202
18,balanced,loyalty_6,loyalty,9632.383234042867,-3.6761676595713286
18,balanced,trend_7,trend,4647.741684924747,-53.52258315075253
19,balanced,random_0,random,6663.680907373118,-33.363190926268814
19,balanced,momentum_1,momentum,9231.995185488357,-7.680048145116434
19,balanced,mean_rev_2,mean_rev,9800.961452788195,-1.9903854721180505
19,balanced,value_3,value,10329.77749378345,3.2977749378344923
19,balanced,genre_4,genre,20920.434536330427,109.20434536330427
19,balanced,career_5,career,9679.51724590825,-3.204827540917504
19,balanced,loyalty_6,loyalty,9460.264672840798,-5.397353271592019
19,balanced,trend_7,trend,4420.81380500007,-55.7918619499993
20,balanced,random_0,random,6870.126940132676,-31.298730598673238
20,balanced,momentum_1,momentum,8398.706444906105,-16.012935550938945
20,balanced,mean_rev_2,mean_rev,11107.60660789617,11.076066078961704
20,balanced,value_3,value,10469.573035058484,4.695730350584836
20,balanced,genre_4,genre,20192.567422499116,101.92567422499116
20,balanced,career_5,career,10179.697718986008,1.796977189860081
20,balanced,loyalty_6,loyalty,9518.087173493344,-4.819128265066556
20,balanced,trend_7,trend,4591.6539682848115,-54.08346031715188
21,balanced,random_0,random,7506.576138706025,-24.93423861293975
21,balanced,momentum_1,momentum,8742.599162980088,-12.574008370199117
21,balanced,mean_rev_2,mean_rev,9370.53148689832,-6.294685131016795
21,balanced,value_3,value,10663.59925212345,6.635992521234494
21,balanced,genre_4,genre,21257.234094175103,112.57234094175102
21,balanced,career_5,career,11214.078619676062,12.140786196760619
21,balanced,loyalty_6,loyalty,9785.316056446505,-2.1468394355349485
21,balanced,trend_7,trend,3803.1670567844626,-61.96832943215537
22,balanced,random_0,random,6695.847471167027,-33.04152528832973
22,balanced,momentum_1,momentum,8253.384300699121,-17.46615699300879
22,balanced,mean_rev_2,mean_rev,8836.871266647853,-11.631287333521469
22,balanced,value_3,value,10946.690209565892,9.466902095658916
22,balanced,genre_4,genre,18706.21263438005,87.06212634380049
22,balanced,career_5,career,9221.587638723111,-7.78412361276889
22,balanced,loyalty_6,loyalty,9594.079812659267,-4.0592018734073285
22,balanced,trend_7,trend,5409.471095751064,-45.90528904248936
23,balanced,random_0,random,6678.485935002271,-33.21514064997729
23,balanced,momentum_1,momentum,9002.189086727894,-9.978109132721055
23,balanced,mean_rev_2,mean_rev,10443.361841939875,4.433618419398754
23,balanced,value_3,value,10498.98929430967,4.9898929430966925
23,balanced,genre_4,genre,19801.361754833484,98.01361754833484
23,balanced,career_5,career,10989.52672547954,9.8952672547954
23,balanced,loyalty_6,loyalty,9436.147400026577,-5.638525999734229
23,balanced,trend_7,trend,4846.398916774157,-51.53601083225843
24,balanced,random_0,random,7025.526424369423,-29.744735756305772
24,balanced,momentum_1,momentum,8817.508184291179,-11.824918157088213
24,balanced,mean_rev_2,mean_rev,10219.868455248938,2.198684552489376
24,balanced,value_3,value,10257.323915422314,2.573239154223138
24,balanced,genre_4,genre,20661.440117964692,106.61440117964692
24,balanced,career_5,career,10356.516263955682,3.56516263955682
24,balanced,loyalty_6,loyalty,9682.704522432676,-3.172954775673243
24,balanced,trend_7,trend,4387.266078804647,-56.12733921195353
25,balanced,random_0,random,6603.891584878222,-33.96108415121778
25,balanced,momentum_1,momentum,8153.5054357369345,-18.464945642630656
25,balanced,mean_rev_2,mean_rev,10612.021504638227,6.120215046382273
25,balanced,value_3,value,10522.388999905597,5.223889999055973
25,balanced,genre_4,genre,20660.829447530843,106.60829447530843
25,balanced,career_5,career,9810.12384281056,-1.8987615718943927
25,balanced,loyalty_6,loyalty,9679.158253609281,-3.20841746390719
25,balanced,trend_7,trend,4484.195287745454,-55.15804712254546
26,balanced,random_0,random,6190.831159217061,-38.09168840782939
26,balanced,momentum_1,momentum,8136.103358487345,-18.63896641512655
26,balanced,mean_rev_2,mean_rev,11597.254624177222,15.972546241772216
26,balanced,value_3,value,10667.805073211202,6.678050732112024
26,balanced,genre_4,genre,19918.338991411605,99.18338991411605
26,balanced,career_5,career,9237.084761321457,-7.629152386785426
26,balanced,loyalty_6,loyalty,9787.504438700997,-2.1249556129900338
26,balanced,trend_7,trend,3804.0356021046155,-61.95964397895384
27,balanced,random_0,random,6257.439715647354,-37.425602843526455
27,balanced,momentum_1,momentum,8231.358023213388,-17.68641976786612
27,balanced,mean_rev_2,mean_rev,11295.584730033688,12.955847300336881
27,balanced,value_3,value,10301.562716805505,3.015627168055053
27,balanced,genre_4,genre,19006.989612077417,90.06989612077417
27,balanced,career_5,career,10737.265694732523,7.372656947325231
27,balanced,loyalty_6,loyalty,9454.916066408407,-5.450839335915934
27,balanced,trend_7,trend,3977.544656850301,-60.224553431496986
28,balanced,random_0,random,7137.631818662065,-28.623681813379353
28,balanced,momentum_1,momentum,8374.875627025946,-16.251243729740544
28,balanced,mean_rev_2,mean_rev,9891.986145240173,-1.0801385475982714
28,balanced,value_3,value,9720.752799065127,-2.7924720093487303
28,balanced,genre_4,genre,20901.459553288252,109.01459553288252
28,balanced,career_5,career,10513.549464043257,5.135494640432571
28,balanced,loyalty_6,loyalty,9508.488231198511,-4.915117688014889
28,balanced,trend_7,trend,4933.545984945796,-50.664540150542045
29,balanced,random_0,random,6418.518292356448,-35.81481707643552
29,balanced,momentum_1,momentum,7932.750539803972,-20.67249460196028
29,balanced,mean_rev_2,mean_rev,11003.307693428003,10.033076934280034
29,balanced,value_3,value,10286.090106732214,2.8609010673221382
29,balanced,genre_4,genre,18407.177006579666,84.07177006579667
29,balanced,career_5,career,8981.192715180829,-10.188072848191714
29,balanced,loyalty_6,loyalty,9481.656949329088,-5.183430506709119
29,balanced,trend_7,trend,4861.979303661197,-51.38020696338803
0,financial_focused,random_0,random,6943.806219535119,-30.561937804648807
0,financial_focused,momentum_1,momentum,9298.061975728471,-7.019380242715288
0,financial_focused,momentum_2,momentum,9298.061975728471,-7.019380242715288
0,financial_focused,mean_rev_3,mean_rev,9278.160517662374,-7.218394823376257
0,financial_focused,mean_rev_4,mean_rev,9278.160517662374,-7.218394823376257
0,financial_focused,value_5,value,9855.960593769805,-1.440394062301948
0,financial_focused,value_6,value,9855.960593769805,-1.440394062301948
0,financial_focused,value_7,value,9855.960593769805,-1.440394062301948
0,financial_focused,career_8,career,9446.919287605599,-5.530807123944014
1,financial_focused,random_0,random,6828.354071100794,-31.716459288992063
1,financial_focused,momentum_1,momentum,7925.479232216214,-20.74520767783786
1,financial_focused,momentum_2,momentum,7925.479232216214,-20.74520767783786
1,financial_focused,mean_rev_3,mean_rev,10927.009290222053,9.270092902220531
1,financial_focused,mean_rev_4,mean_rev,10927.009290222053,9.270092902220531
1,financial_focused,value_5,value,10482.320981771409,4.823209817714087
1,financial_focused,value_6,value,10482.320981771409,4.823209817714087
1,financial_focused,value_7,value,10482.320981771409,4.823209817714087
1,financial_focused,career_8,career,9749.161882750339,-2.5083811724966107
2,financial_focused,random_0,random,6312.960166096002,-36.87039833903999
2,financial_focused,momentum_1,momentum,7078.209020354337,-29.217909796456635
2,financial_focused,momentum_2,momentum,7078.209020354337,-29.217909796456635
2,financial_focused,mean_rev_3,mean_rev,9493.904233008652,-5.060957669913478
2,financial_focused,mean_rev_4,mean_rev,9493.904233008652,-5.060957669913478
2,financial_focused,value_5,value,10774.099215090677,7.740992150906768
2,financial_focused,value_6,value,10774.099215090677,7.740992150906768
2,financial_focused,value_7,value,10774.099215090677,7.740992150906768
2,financial_focused,career_8,career,10223.447767410316,2.2344776741031636
3,financial_focused,random_0,random,6183.53465364941,-38.1646534635059
3,financial_focused,momentum_1,momentum,7684.130895872955,-23.158691041270448
3,financial_focused,momentum_2,momentum,7684.130895872955,-23.158691041270448
3,financial_focused,mean_rev_3,mean_rev,9504.416380954683,-4.955836190453174
3,financial_focused,mean_rev_4,mean_rev,9504.416380954683,-4.955836190453174
3,financial_focused,value_5,value,10423.528846079658,4.235288460796583
3,financial_focused,value_6,value,10423.528846079658,4.235288460796583
3,financial_focused,value_7,value,10423.528846079658,4.235288460796583
3,financial_focused,career_8,career,8738.763192153363,-12.61236807846637
4,financial_focused,random_0,random,6396.741564920751,-36.03258435079248
4,financial_focused,momentum_1,momentum,8186.718158142296,-18.132818418577045
4,financial_focused,momentum_2,momentum,8186.718158142296,-18.132818418577045
4,financial_focused,mean_rev_3,mean_rev,10375.317266995406,3.753172669954056
4,financial_focused,mean_rev_4,mean_rev,10375.317266995406,3.753172669954056
4,financial_focused,value_5,value,10250.58774117477,2.5058774117476967
4,financial_focused,value_6,value,10250.58774117477,2.5058774117476967
4,financial_focused,value_7,value,10250.58774117477,2.5058774117476967
4,financial_focused,career_8,career,10899.699219779872,8.996992197798718
5,financial_focused,random_0,random,6161.925778782322,-38.380742212176784
5,financial_focused,momentum_1,momentum,8497.171350550332,-15.028286494496678
5,financial_focused,momentum_2,momentum,8497.171350550332,-15.028286494496678
5,financial_focused,mean_rev_3,mean_rev,9816.763977715898,-1.8323602228410163
5,financial_focused,mean_rev_4,mean_rev,9816.763977715898,-1.8323602228410163
5,financial_focused,value_5,value,9792.648598674441,-2.07351401325559
5,financial_focused,value_6,value,9792.648598674441,-2.07351401325559
5,financial_focused,value_7,value,9792.648598674441,-2.07351401325559
5,financial_focused,career_8,career,10060.84865954248,0.6084865954248017
6,financial_focused,random_0,random,6631.606913249956,-33.683930867500436
6,financial_focused,momentum_1,momentum,8122.856839573839,-18.771431604261608
6,financial_focused,momentum_2,momentum,8122.856839573839,-18.771431604261608
6,financial_focused,mean_rev_3,mean_rev,9406.44225554621,-5.935577444537903
6,financial_focused,mean_rev_4,mean_rev,9406.44225554621,-5.935577444537903
6,financial_focused,value_5,value,9852.704439467969,-1.4729556053203123
6,financial_focused,value_6,value,9852.704439467969,-1.4729556053203123
6,financial_focused,value_7,value,9852.704439467969,-1.4729556053203123
6,financial_focused,career_8,career,7738.655167151856,-22.613448328481436
7,financial_focused,random_0,random,6232.92291348418,-37.670770865158204
7,financial_focused,momentum_1,momentum,7725.8236550636575,-22.741763449363425
7,financial_focused,momentum_2,momentum,7725.8236550636575,-22.741763449363425
7,financial_focused,mean_rev_3,mean_rev,10143.083645771203,1.43083645771203
7,financial_focused,mean_rev_4,mean_rev,10143.083645771203,1.43083645771203
7,financial_focused,value_5,value,9881.546085174874,-1.1845391482512604
7,financial_focused,value_6,value,9881.546085174874,-1.1845391482512604
7,financial_focused,value_7,value,9881.546085174874,-1.1845391482512604
7,financial_focused,career_8,career,9822.738759028436,-1.7726124097156388
8,financial_focused,random_0,random,5817.329850081738,-41.82670149918262
8,financial_focused,momentum_1,momentum,7701.3348433742885,-22.986651566257116
8,financial_focused,momentum_2,momentum,7701.3348433742885,-22.986651566257116
8,financial_focused,mean_rev_3,mean_rev,10277.675123615645,2.7767512361564513
8,financial_focused,mean_rev_4,mean_rev,10277.675123615645,2.7767512361564513
8,financial_focused,value_5,value,9880.280196581014,-1.1971980341898598
8,financial_focused,value_6,value,9880.280196581014,-1.1971980341898598
8,financial_focused,value_7,value,9880.280196581014,-1.1971980341898598
8,financial_focused,career_8,career,9802.024844233216,-1.9797515576678415
9,financial_focused,random_0,random,6705.204263185868,-32.947957368141324
9,financial_focused,momentum_1,momentum,9359.682350623585,-6.403176493764149
9,financial_focused,momentum_2,momentum,9359.682350623585,-6.403176493764149
9,financial_focused,mean_rev_3,mean_rev,9802.994519593407,-1.9700548040659305
9,financial_focused,mean_rev_4,mean_rev,9802.994519593407,-1.9700548040659305
9,financial_focused,value_5,value,10181.681533759602,1.8168153375960174
9,financial_focused,value_6,value,10181.681533759602,1.8168153375960174
9,financial_focused,value_7,value,10181.681533759602,1.8168153375960174
9,financial_focused,career_8,career,13356.268797303801,33.56268797303801
10,financial_focused,random_0,random,6712.221325973524,-32.87778674026477
10,financial_focused,momentum_1,momentum,7232.60703418556,-27.6739296581444
10,financial_focused,momentum_2,momentum,7232.60703418556,-27.6739296581444
10,financial_focused,mean_rev_3,mean_rev,10243.726590743894,2.4372659074389413
10,financial_focused,mean_rev_4,mean_rev,10243.726590743894,2.4372659074389413
10,financial_focused,value_5,value,9285.437756862688,-7.145622431373122
10,financial_focused,value_6,value,9285.437756862688,-7.145622431373122
10,financial_focused,value_7,value,9285.437756862688,-7.145622431373122
10,financial_focused,career_8,career,10299.392929433772,2.9939292943377223
11,financial_focused,random_0,random,5841.269401478416,-41.58730598521584
11,financial_focused,momentum_1,momentum,8216.006124877282,-17.839938751227184
11,financial_focused,momentum_2,momentum,8216.006124877282,-17.839938751227184
11,financial_focused,mean_rev_3,mean_rev,10415.304865525917,4.153048655259172
11,financial_focused,mean_rev_4,mean_rev,10415.304865525917,4.153048655259172
11,financial_focused,value_5,value,9138.895733863093,-8.611042661369066
11,financial_focused,value_6,value,9138.895733863093,-8.611042661369066
11,financial_focused,value_7,value,9138.895733863093,-8.611042661369066
11,financial_focused,career_8,career,7958.369894270015,-20.41630105729985
12,financial_focused,random_0,random,6555.635720596068,-34.44364279403933
12,financial_focused,momentum_1,momentum,8007.866031171737,-19.921339688282632
12,financial_focused,momentum_2,momentum,8007.866031171737,-19.921339688282632
12,financial_focused,mean_rev_3,mean_rev,11238.82640019058,12.388264001905808
12,financial_focused,mean_rev_4,mean_rev,11238.82640019058,12.388264001905808
12,financial_focused,value_5,value,10068.986354872985,0.6898635487298452
12,financial_focused,value_6,value,10068.986354872985,0.6898635487298452
12,financial_focused,value_7,value,10068.986354872985,0.6898635487298452
12,financial_focused,career_8,career,9243.73663498105,-7.5626336501894915
13,financial_focused,random_0,random,6412.329457292013,-35.87670542707987
13,financial_focused,momentum_1,momentum,8617.836005207742,-13.821639947922577
13,financial_focused,momentum_2,momentum,8617.836005207742,-13.821639947922577
13,financial_focused,mean_rev_3,mean_rev,8658.804416576668,-13.411955834233321
13,financial_focused,mean_rev_4,mean_rev,8658.804416576668,-13.411955834233321
13,financial_focused,value_5,value,9567.463901548266,-4.325360984517338
13,financial_focused,value_6,value,9567.463901548266,-4.325360984517338
13,financial_focused,value_7,value,9567.463901548266,-4.325360984517338
13,financial_focused,career_8,career,10084.013725804178,0.8401372580417774
14,financial_focused,random_0,random,6397.041903239783,-36.02958096760217
14,financial_focused,momentum_1,momentum,8559.652152151684,-14.403478478483157
14,financial_focused,momentum_2,momentum,8559.652152151684,-14.403478478483157
14,financial_focused,mean_rev_3,mean_rev,10625.0357855017,6.250357855016992
14,financial_focused,mean_rev_4,mean_rev,10625.0357855017,6.250357855016992
14,financial_focused,value_5,value,10115.978889387683,1.1597888938768302
14,financial_focused,value_6,value,10115.978889387683,1.1597888938768302
14,financial_focused,value_7,value,10115.978889387683,1.1597888938768302
14,financial_focused,career_8,career,10176.469144038709,1.7646914403870868
15,financial_focused,random_0,random,6824.0032238984395,-31.759967761015606
15,financial_focused,momentum_1,momentum,8171.4626178741455,-18.285373821258545
15,financial_focused,momentum_2,momentum,8171.4626178741455,-18.285373821258545
15,financial_focused,mean_rev_3,mean_rev,8083.362640744025,-19.166373592559747
15,financial_focused,mean_rev_4,mean_rev,8083.362640744025,-19.166373592559747
15,financial_focused,value_5,value,10066.110304651143,0.6611030465114345
15,financial_focused,value_6,value,10066.110304651143,0.6611030465114345
15,financial_focused,value_7,value,10066.110304651143,0.6611030465114345
15,financial_focused,career_8,career,9822.240558962869,-1.7775944103713117
16,financial_focused,random_0,random,6385.528790994584,-36.14471209005416
16,financial_focused,momentum_1,momentum,7738.6438718643985,-22.613561281356013
16,financial_focused,momentum_2,momentum,7738.6438718643985,-22.613561281356013
16,financial_focused,mean_rev_3,mean_rev,10025.52035707901,0.25520357079010864
16,financial_focused,mean_rev_4,mean_rev,10025.52035707901,0.25520357079010864
16,financial_focused,value_5,value,9981.584164065149,-0.18415835934851202
16,financial_focused,value_6,value,9981.584164065149,-0.18415835934851202
16,financial_focused,value_7,value,9981.584164065149,-0.18415835934851202
16,financial_focused,career_8,career,10939.24640350603,9.392464035060293
17,financial_focused,random_0,random,6756.044008115307,-32.439559918846925
17,financial_focused,momentum_1,momentum,7443.629045115875,-25.563709548841253
17,financial_focused,momentum_2,momentum,7443.629045115875,-25.563709548841253
17,financial_focused,mean_rev_3,mean_rev,9490.1867090233,-5.098132909766991
17,financial_focused,mean_rev_4,mean_rev,9490.1867090233,-5.098132909766991
17,financial_focused,value_5,value,10156.070936517692,1.5607093651769173
17,financial_focused,value_6,value,10156.070936517692,1.5607093651769173
17,financial_focused,value_7,value,10156.070936517692,1.5607093651769173
17,financial_focused,career_8,career,10319.124974138955,3.191249741389547
18,financial_focused,random_0,random,6337.257019195766,-36.62742980804234
18,financial_focused,momentum_1,momentum,7700.301893657699,-22.996981063423007
18,financial_focused,momentum_2,momentum,7700.301893657699,-22.996981063423007
18,financial_focused,mean_rev_3,mean_rev,10701.91627456624,7.019162745662397
18,financial_focused,mean_rev_4,mean_rev,10701.91627456624,7.019162745662397
18,financial_focused,value_5,value,9625.727921423319,-3.7427207857668146
18,financial_focused,value_6,value,9625.727921423319,-3.7427207857668146
18,financial_focused,value_7,value,9625.727921423319,-3.7427207857668146
18,financial_focused,career_8,career,10776.93948629886,7.769394862988593
19,financial_focused,random_0,random,6291.582699975967,-37.08417300024033
19,financial_focused,momentum_1,momentum,8244.391195386292,-17.556088046137084
19,financial_focused,momentum_2,momentum,8244.391195386292,-17.556088046137084
19,financial_focused,mean_rev_3,mean_rev,9736.91325936728,-2.6308674063271975
19,financial_focused,mean_rev_4,mean_rev,9736.91325936728,-2.6308674063271975
19,financial_focused,value_5,value,9938.44184721031,-0.6155815278969021
19,financial_focused,value_6,value,9938.44184721031,-0.6155815278969021
19,financial_focused,value_7,value,9938.44184721031,-0.6155815278969021
19,financial_focused,career_8,career,11325.841686206611,13.258416862066115
20,financial_focused,random_0,random,6757.026876445257,-32.429731235547436
20,financial_focused,momentum_1,momentum,8065.672427759475,-19.343275722405252
20,financial_focused,momentum_2,momentum,8065.672427759475,-19.343275722405252
20,financial_focused,mean_rev_3,mean_rev,9253.591033832332,-7.46408966167668
20,financial_focused,mean_rev_4,mean_rev,9253.591033832332,-7.46408966167668
20,financial_focused,value_5,value,9417.10756982019,-5.828924301798106
20,financial_focused,value_6,value,9417.10756982019,-5.828924301798106
20,financial_focused,value_7,value,9417.10756982019,-5.828924301798106
20,financial_focused,career_8,career,9211.419337817199,-7.8858066218280145
21,financial_focused,random_0,random,6875.426646708332,-31.245733532916685
21,financial_focused,momentum_1,momentum,8539.41667514993,-14.605833248500694
21,financial_focused,momentum_2,momentum,8539.41667514993,-14.605833248500694
21,financial_focused,mean_rev_3,mean_rev,11271.300672028272,12.713006720282719
21,financial_focused,mean_rev_4,mean_rev,11271.300672028272,12.713006720282719
21,financial_focused,value_5,value,10296.748550860713,2.967485508607133
21,financial_focused,value_6,value,10296.748550860713,2.967485508607133
21,financial_focused,value_7,value,10296.748550860713,2.967485508607133
21,financial_focused,career_8,career,10029.297463709581,0.2929746370958128
22,financial_focused,random_0,random,6383.285976659254,-36.167140233407466
22,financial_focused,momentum_1,momentum,8135.121347726267,-18.64878652273733
22,financial_focused,momentum_2,momentum,8135.121347726267,-18.64878652273733
22,financial_focused,mean_rev_3,mean_rev,10957.265027647836,9.572650276478361
22,financial_focused,mean_rev_4,mean_rev,10957.265027647836,9.572650276478361
22,financial_focused,value_5,value,10853.205661564694,8.532056615646944
22,financial_focused,value_6,value,10853.205661564694,8.532056615646944
22,financial_focused,value_7,value,10853.205661564694,8.532056615646944
22,financial_focused,career_8,career,9741.609954953128,-2.583900450468718
23,financial_focused,random_0,random,6251.209494326975,-37.48790505673025
23,financial_focused,momentum_1,momentum,8862.945763672209,-11.37054236327791
23,financial_focused,momentum_2,momentum,8862.945763672209,-11.37054236327791
23,financial_focused,mean_rev_3,mean_rev,11634.072723937343,16.34072723937343
23,financial_focused,mean_rev_4,mean_rev,11634.072723937343,16.34072723937343
23,financial_focused,value_5,value,10921.921012322566,9.219210123225658
23,financial_focused,value_6,value,10921.921012322566,9.219210123225658
23,financial_focused,value_7,value,10921.921012322566,9.219210123225658
23,financial_focused,career_8,career,8923.131188129824,-10.768688118701757
24,financial_focused,random_0,random,6497.312666345811,-35.0268733365419
24,financial_focused,momentum_1,momentum,8568.424300931421,-14.315756990685786
24,financial_focused,momentum_2,momentum,8568.424300931421,-14.315756990685786
24,financial_focused,mean_rev_3,mean_rev,7925.149587799938,-20.74850412200062
24,financial_focused,mean_rev_4,mean_rev,7925.149587799938,-20.74850412200062
24,financial_focused,value_5,value,9461.60066620632,-5.383993337936809
24,financial_focused,value_6,value,9461.60066620632,-5.383993337936809
24,financial_focused,value_7,value,9461.60066620632,-5.383993337936809
24,financial_focused,career_8,career,10114.459318373625,1.1445931837362513
25,financial_focused,random_0,random,6479.3546991006615,-35.206453008993385
25,financial_focused,momentum_1,momentum,8633.569966242152,-13.66430033757848
25,financial_focused,momentum_2,momentum,8633.569966242152,-13.66430033757848
25,financial_focused,mean_rev_3,mean_rev,9005.333842931543,-9.946661570684574
25,financial_focused,mean_rev_4,mean_rev,9005.333842931543,-9.946661570684574
25,financial_focused,value_5,value,9580.54381926274,-4.194561807372593
25,financial_focused,value_6,value,9580.54381926274,-4.194561807372593
25,financial_focused,value_7,value,9580.54381926274,-4.194561807372593
25,financial_focused,career_8,career,9750.769938319552,-2.4923006168044775
26,financial_focused,random_0,random,6523.7698481962,-34.762301518038
26,financial_focused,momentum_1,momentum,7748.254888690028,-22.517451113099725
26,financial_focused,momentum_2,momentum,7748.254888690028,-22.517451113099725
26,financial_focused,mean_rev_3,mean_rev,9164.99930079762,-8.350006992023792
26,financial_focused,mean_rev_4,mean_rev,9164.99930079762,-8.350006992023792
26,financial_focused,value_5,value,9654.397866920935,-3.4560213307906453
26,financial_focused,value_6,value,9654.397866920935,-3.4560213307906453
26,financial_focused,value_7,value,9654.397866920935,-3.4560213307906453
26,financial_focused,career_8,career,10051.73558830754,0.5173558830753973
27,financial_focused,random_0,random,6717.127752760507,-32.82872247239493
27,financial_focused,momentum_1,momentum,7585.283169311924,-24.147168306880758
27,financial_focused,momentum_2,momentum,7585.283169311924,-24.147168306880758
27,financial_focused,mean_rev_3,mean_rev,9668.206044414432,-3.3179395558556823
27,financial_focused,mean_rev_4,mean_rev,9668.206044414432,-3.3179395558556823
27,financial_focused,value_5,value,9230.119321420565,-7.69880678579435
27,financial_focused,value_6,value,9230.119321420565,-7.69880678579435
27,financial_focused,value_7,value,9230.119321420565,-7.69880678579435
27,financial_focused,career_8,career,9599.559281430717,-4.004407185692835
28,financial_focused,random_0,random,6953.941095024528,-30.460589049754716
28,financial_focused,momentum_1,momentum,9002.17193747755,-9.978280625224507
28,financial_focused,momentum_2,momentum,9002.17193747755,-9.978280625224507
28,financial_focused,mean_rev_3,mean_rev,10259.999987302886,2.5999998730288643
28,financial_focused,mean_rev_4,mean_rev,10259.999987302886,2.5999998730288643
28,financial_focused,value_5,value,9213.033080496321,-7.869669195036786
28,financial_focused,value_6,value,9213.033080496321,-7.869669195036786
28,financial_focused,value_7,value,9213.033080496321,-7.869669195036786
28,financial_focused,career_8,career,8886.421265304454,-11.135787346955459
29,financial_focused,random_0,random,6632.285745247111,-33.677142547528895
29,financial_focused,momentum_1,momentum,8231.027745887079,-17.689722541129214
29,financial_focused,momentum_2,momentum,8231.027745887079,-17.689722541129214
29,financial_focused,mean_rev_3,mean_rev,10820.347382408747,8.20347382408747
29,financial_focused,mean_rev_4,mean_rev,10820.347382408747,8.20347382408747
29,financial_focused,value_5,value,9696.454371780595,-3.0354562821940454
29,financial_focused,value_6,value,9696.454371780595,-3.0354562821940454
29,financial_focused,value_7,value,9696.454371780595,-3.0354562821940454
29,financial_focused,career_8,career,9101.193103732376,-8.988068962676243
0,music_focused,genre_0,genre,21490.656766818418,114.90656766818418
0,music_focused,genre_1,genre,21490.656766818418,114.90656766818418
0,music_focused,career_2,career,10367.13610991935,3.6713610991934913
0,music_focused,career_3,career,10367.13610991935,3.6713610991934913
0,music_focused,loyalty_4,loyalty,9625.741142753717,-3.742588572462828
0,music_focused,loyalty_5,loyalty,9625.741142753717,-3.742588572462828
0,music_focused,trend_6,trend,4381.62369841429,-56.1837630158571
0,music_focused,momentum_7,momentum,9135.784497462655,-8.64215502537345
1,music_focused,genre_0,genre,19122.938443676743,91.22938443676743
1,music_focused,genre_1,genre,19122.938443676743,91.22938443676743
1,music_focused,career_2,career,8932.555598322771,-10.674444016772286
1,music_focused,career_3,career,8932.555598322771,-10.674444016772286
1,music_focused,loyalty_4,loyalty,9529.559471420676,-4.704405285793237
1,music_focused,loyalty_5,loyalty,9529.559471420676,-4.704405285793237
1,music_focused,trend_6,trend,3785.457229951071,-62.14542770048929
1,music_focused,momentum_7,momentum,8372.573546914444,-16.27426453085556
2,music_focused,genre_0,genre,18641.883778108393,86.41883778108394
2,music_focused,genre_1,genre,18641.883778108393,86.41883778108394
2,music_focused,career_2,career,8216.14952632927,-17.838504736707293
2,music_focused,career_3,career,8216.14952632927,-17.838504736707293
2,music_focused,loyalty_4,loyalty,9621.809217854356,-3.781907821456443
2,music_focused,loyalty_5,loyalty,9621.809217854356,-3.781907821456443
2,music_focused,trend_6,trend,4071.7280768177034,-59.282719231822966
2,music_focused,momentum_7,momentum,8333.586319268203,-16.664136807317973
3,music_focused,genre_0,genre,21135.03353272254,111.35033532722541
3,music_focused,genre_1,genre,21135.03353272254,111.35033532722541
3,music_focused,career_2,career,10108.67151690661,1.0867151690661012
3,music_focused,career_3,career,10108.67151690661,1.0867151690661012
3,music_focused,loyalty_4,loyalty,9440.623619286212,-5.593763807137875
3,music_focused,loyalty_5,loyalty,9440.623619286212,-5.593763807137875
3,music_focused,trend_6,trend,4540.684277395731,-54.593157226042685
3,music_focused,momentum_7,momentum,9048.347616547433,-9.51652383452567
4,music_focused,genre_0,genre,19781.633150362137,97.81633150362137
4,music_focused,genre_1,genre,19781.633150362137,97.81633150362137
4,music_focused,career_2,career,10423.10270934861,4.2310270934861
4,music_focused,career_3,career,10423.10270934861,4.2310270934861
4,music_focused,loyalty_4,loyalty,9677.996676285571,-3.220033237144289
4,music_focused,loyalty_5,loyalty,9677.996676285571,-3.220033237144289
4,music_focused,trend_6,trend,4786.819601514803,-52.13180398485197
4,music_focused,momentum_7,momentum,8227.764975077673,-17.722350249223272
5,music_focused,genre_0,genre,20397.229160040566,103.97229160040565
5,music_focused,genre_1,genre,20397.229160040566,103.97229160040565
5,music_focused,career_2,career,9189.207133249145,-8.10792866750855
5,music_focused,career_3,career,9189.207133249145,-8.10792866750855
5,music_focused,loyalty_4,loyalty,9617.303081636232,-3.8269691836376842
5,music_focused,loyalty_5,loyalty,9617.303081636232,-3.8269691836376842
5,music_focused,trend_6,trend,5457.229868520706,-45.42770131479294
5,music_focused,momentum_7,momentum,8932.19047916142,-10.678095208385804
6,music_focused,genre_0,genre,19490.435002520884,94.90435002520884
6,music_focused,genre_1,genre,19490.435002520884,94.90435002520884
6,music_focused,career_2,career,9445.878238433621,-5.541217615663791
6,music_focused,career_3,career,9445.878238433621,-5.541217615663791
6,music_focused,loyalty_4,loyalty,9720.934953756072,-2.79065046243928
6,music_focused,loyalty_5,loyalty,9720.934953756072,-2.79065046243928
6,music_focused,trend_6,trend,4308.312806782783,-56.91687193217217
6,music_focused,momentum_7,momentum,8483.918992845982,-15.160810071540181
7,music_focused,genre_0,genre,18765.13247546757,87.6513247546757
7,music_focused,genre_1,genre,18765.13247546757,87.6513247546757
7,music_focused,career_2,career,12874.098440312122,28.74098440312122
7,music_focused,career_3,career,12874.098440312122,28.74098440312122
7,music_focused,loyalty_4,loyalty,9632.463865149793,-3.675361348502065
7,music_focused,loyalty_5,loyalty,9632.463865149793,-3.675361348502065
7,music_focused,trend_6,trend,4806.509874700831,-51.93490125299169
7,music_focused,momentum_7,momentum,8189.217485377878,-18.10782514622122
8,music_focused,genre_0,genre,19382.432473100125,93.82432473100125
8,music_focused,genre_1,genre,19382.432473100125,93.82432473100125
8,music_focused,career_2,career,10317.05498951851,3.170549895185104
8,music_focused,career_3,career,10317.05498951851,3.170549895185104
8,music_focused,loyalty_4,loyalty,9649.425605199634,-3.5057439480036554
8,music_focused,loyalty_5,loyalty,9649.425605199634,-3.5057439480036554
8,music_focused,trend_6,trend,3820.5115551710956,-61.79488444828905
8,music_focused,momentum_7,momentum,8003.797136737135,-19.962028632628652
9,music_focused,genre_0,genre,20522.29248548528,105.22292485485279
9,music_focused,genre_1,genre,20522.29248548528,105.22292485485279
9,music_focused,career_2,career,10981.351104271856,9.813511042718565
9,music_focused,career_3,career,10981.351104271856,9.813511042718565
9,music_focused,loyalty_4,loyalty,9662.364710145817,-3.376352898541827
9,music_focused,loyalty_5,loyalty,9662.364710145817,-3.376352898541827
9,music_focused,trend_6,trend,4832.86311859361,-51.6713688140639
9,music_focused,momentum_7,momentum,9400.47150625278,-5.995284937472206
10,music_focused,genre_0,genre,18923.859530078895,89.23859530078894
10,music_focused,genre_1,genre,18923.859530078895,89.23859530078894
10,music_focused,career_2,career,10138.92594628204,1.3892594628203916
10,music_focused,career_3,career,10138.92594628204,1.3892594628203916
10,music_focused,loyalty_4,loyalty,9467.100473645616,-5.328995263543838
10,music_focused,loyalty_5,loyalty,9467.100473645616,-5.328995263543838
10,music_focused,trend_6,trend,4929.879598623269,-50.70120401376731
10,music_focused,momentum_7,momentum,8532.780326232218,-14.672196737677822
11,music_focused,genre_0,genre,20979.088786776956,109.79088786776956
11,music_focused,genre_1,genre,20979.088786776956,109.79088786776956
11,music_focused,career_2,career,10179.205290551141,1.7920529055114094
11,music_focused,career_3,career,10179.205290551141,1.7920529055114094
11,music_focused,loyalty_4,loyalty,9450.474804743166,-5.495251952568342
11,music_focused,loyalty_5,loyalty,9450.474804743166,-5.495251952568342
11,music_focused,trend_6,trend,4617.576137046647,-53.82423862953353
11,music_focused,momentum_7,momentum,9265.037347780986,-7.349626522190138
12,music_focused,genre_0,genre,20407.320345684708,104.07320345684708
12,music_focused,genre_1,genre,20407.320345684708,104.07320345684708
12,music_focused,career_2,career,9350.005575022507,-6.499944249774926
12,music_focused,career_3,career,9350.005575022507,-6.499944249774926
12,music_focused,loyalty_4,loyalty,9621.545967683294,-3.784540323167057
12,music_focused,loyalty_5,loyalty,9621.545967683294,-3.784540323167057
12,music_focused,trend_6,trend,5863.780894079046,-41.362191059209536
12,music_focused,momentum_7,momentum,8389.512318746414,-16.10487681253586
13,music_focused,genre_0,genre,18822.33384078638,88.2233384078638
13,music_focused,genre_1,genre,18822.33384078638,88.2233384078638
13,music_focused,career_2,career,8102.570393204153,-18.974296067958466
13,music_focused,career_3,career,8102.570393204153,-18.974296067958466
13,music_focused,loyalty_4,loyalty,9774.861189003608,-2.2513881099639184
13,music_focused,loyalty_5,loyalty,9774.861189003608,-2.2513881099639184
13,music_focused,trend_6,trend,5866.816932591023,-41.33183067408977
13,music_focused,momentum_7,momentum,8326.306213833745,-16.736937861662554
14,music_focused,genre_0,genre,20194.25029946934,101.94250299469338
14,music_focused,genre_1,genre,20194.25029946934,101.94250299469338
14,music_focused,career_2,career,11633.3841615272,16.333841615271993
14,music_focused,career_3,career,11633.3841615272,16.333841615271993
14,music_focused,loyalty_4,loyalty,9646.35003569852,-3.536499643014795
14,music_focused,loyalty_5,loyalty,9646.35003569852,-3.536499643014795
14,music_focused,trend_6,trend,3680.891943829144,-63.19108056170856
14,music_focused,momentum_7,momentum,8225.754846286633,-17.742451537133675
15,music_focused,genre_0,genre,19898.089069874124,98.98089069874123
15,music_focused,genre_1,genre,19898.089069874124,98.98089069874123
15,music_focused,career_2,career,10476.05243462922,4.760524346292204
15,music_focused,career_3,career,10476.05243462922,4.760524346292204
15,music_focused,loyalty_4,loyalty,9463.62699749727,-5.363730025027308
15,music_focused,loyalty_5,loyalty,9463.62699749727,-5.363730025027308
15,music_focused,trend_6,trend,4920.373929283069,-50.79626070716931
15,music_focused,momentum_7,momentum,8768.080740945714,-12.319192590542862
16,music_focused,genre_0,genre,18829.36401179033,88.29364011790331
16,music_focused,genre_1,genre,18829.36401179033,88.29364011790331
16,music_focused,career_2,career,9450.989664338886,-5.490103356611144
16,music_focused,career_3,career,9450.989664338886,-5.490103356611144
16,music_focused,loyalty_4,loyalty,9783.393535741157,-2.166064642588426
16,music_focused,loyalty_5,loyalty,9783.393535741157,-2.166064642588426
16,music_focused,trend_6,trend,5809.186440292416,-41.90813559707584
16,music_focused,momentum_7,momentum,8477.293277505027,-15.227067224949733
17,music_focused,genre_0,genre,19568.04847722422,95.6804847722422
17,music_focused,genre_1,genre,19568.04847722422,95.6804847722422
17,music_focused,career_2,career,9239.184678197422,-7.608153218025782
17,music_focused,career_3,career,9239.184678197422,-7.608153218025782
17,music_focused,loyalty_4,loyalty,9575.119909732935,-4.248800902670646
17,music_focused,loyalty_5,loyalty,9575.119909732935,-4.248800902670646
17,music_focused,trend_6,trend,4605.176235857848,-53.94823764142152
17,music_focused,momentum_7,momentum,8036.819569647213,-19.63180430352787
18,music_focused,genre_0,genre,19899.54162970584,98.9954162970584
18,music_focused,genre_1,genre,19899.54162970584,98.9954162970584
18,music_focused,career_2,career,9795.831056267292,-2.041689437327077
18,music_focused,career_3,career,9795.831056267292,-2.041689437327077
18,music_focused,loyalty_4,loyalty,9623.221481949477,-3.7677851805052343
18,music_focused,loyalty_5,loyalty,9623.221481949477,-3.7677851805052343
18,music_focused,trend_6,trend,3829.0030354469754,-61.709969645530244
18,music_focused,momentum_7,momentum,7816.393560799981,-21.83606439200019
19,music_focused,genre_0,genre,19261.880689677106,92.61880689677106
19,music_focused,genre_1,genre,19261.880689677106,92.61880689677106
19,music_focused,career_2,career,10330.498335330978,3.304983353309781
19,music_focused,career_3,career,10330.498335330978,3.304983353309781
19,music_focused,loyalty_4,loyalty,9803.803897347454,-1.9619610265254597
19,music_focused,loyalty_5,loyalty,9803.803897347454,-1.9619610265254597
19,music_focused,trend_6,trend,5003.103647132788,-49.96896352867212
19,music_focused,momentum_7,momentum,8735.98077562437,-12.640192243756301
20,music_focused,genre_0,genre,20321.19891390902,103.21198913909018
20,music_focused,genre_1,genre,20321.19891390902,103.21198913909018
20,music_focused,career_2,career,9634.025789283043,-3.659742107169568
20,music_focused,career_3,career,9634.025789283043,-3.659742107169568
20,music_focused,loyalty_4,loyalty,9358.453543907664,-6.415464560923356
20,music_focused,loyalty_5,loyalty,9358.453543907664,-6.415464560923356
20,music_focused,trend_6,trend,4126.187319965383,-58.73812680034617
20,music_focused,momentum_7,momentum,8635.52784484676,-13.644721551532403
21,music_focused,genre_0,genre,20030.19226110192,100.30192261101922
21,music_focused,genre_1,genre,20030.19226110192,100.30192261101922
21,music_focused,career_2,career,10248.405954810652,2.484059548106525
21,music_focused,career_3,career,10248.405954810652,2.484059548106525
21,music_focused,loyalty_4,loyalty,9467.179326055302,-5.328206739446978
21,music_focused,loyalty_5,loyalty,9467.179326055302,-5.328206739446978
21,music_focused,trend_6,trend,4427.080809987439,-55.729191900125606
21,music_focused,momentum_7,momentum,8037.132300921642,-19.62867699078358
22,music_focused,genre_0,genre,18934.81711846564,89.34817118465638
22,music_focused,genre_1,genre,18934.81711846564,89.34817118465638
22,music_focused,career_2,career,10037.229705749336,0.3722970574933606
22,music_focused,career_3,career,10037.229705749336,0.3722970574933606
22,music_focused,loyalty_4,loyalty,9370.725079638429,-6.292749203615712
22,music_focused,loyalty_5,loyalty,9370.725079638429,-6.292749203615712
22,music_focused,trend_6,trend,4260.856319173803,-57.39143680826197
22,music_focused,momentum_7,momentum,8495.137374466396,-15.048626255336039
23,music_focused,genre_0,genre,21279.173983479424,112.79173983479424
23,music_focused,genre_1,genre,21279.173983479424,112.79173983479424
23,music_focused,career_2,career,9741.012952150566,-2.58987047849434
23,music_focused,career_3,career,9741.012952150566,-2.58987047849434
23,music_focused,loyalty_4,loyalty,9643.875717389541,-3.5612428261045896
23,music_focused,loyalty_5,loyalty,9643.875717389541,-3.5612428261045896
23,music_focused,trend_6,trend,4574.5964387624235,-54.254035612375766
23,music_focused,momentum_7,momentum,9472.256021532121,-5.277439784678791
24,music_focused,genre_0,genre,19629.747873309458,96.29747873309458
24,music_focused,genre_1,genre,19629.747873309458,96.29747873309458
24,music_focused,career_2,career,9139.271336105337,-8.607286638946626
24,music_focused,career_3,career,9139.271336105337,-8.607286638946626
24,music_focused,loyalty_4,loyalty,9766.895874618875,-2.331041253811254
24,music_focused,loyalty_5,loyalty,9766.895874618875,-2.331041253811254
24,music_focused,trend_6,trend,4383.261835997901,-56.16738164002099
24,music_focused,momentum_7,momentum,8071.846517144277,-19.281534828557234
25,music_focused,genre_0,genre,19170.45995850179,91.70459958501789
25,music_focused,genre_1,genre,19170.45995850179,91.70459958501789
25,music_focused,career_2,career,9737.060295449557,-2.629397045504429
25,music_focused,career_3,career,9737.060295449557,-2.629397045504429
25,music_focused,loyalty_4,loyalty,9464.645860767887,-5.353541392321131
25,music_focused,loyalty_5,loyalty,9464.645860767887,-5.353541392321131
25,music_focused,trend_6,trend,4046.6982203136586,-59.53301779686341
25,music_focused,momentum_7,momentum,8940.687133197905,-10.593128668020945
26,music_focused,genre_0,genre,19062.56103353242,90.6256103353242
26,music_focused,genre_1,genre,19062.56103353242,90.6256103353242
26,music_focused,career_2,career,10805.430008366842,8.054300083668423
26,music_focused,career_3,career,10805.430008366842,8.054300083668423
26,music_focused,loyalty_4,loyalty,9492.24291835154,-5.077570816484604
26,music_focused,loyalty_5,loyalty,9492.24291835154,-5.077570816484604
26,music_focused,trend_6,trend,5188.54046508799,-48.1145953491201
26,music_focused,momentum_7,momentum,8246.607646287572,-17.533923537124284
27,music_focused,genre_0,genre,19751.10686178346,97.51106861783461
27,music_focused,genre_1,genre,19751.10686178346,97.51106861783461
27,music_focused,career_2,career,10973.408318235886,9.734083182358864
27,music_focused,career_3,career,10973.408318235886,9.734083182358864
27,music_focused,loyalty_4,loyalty,9874.12363131462,-1.2587636868537992
27,music_focused,loyalty_5,loyalty,9874.12363131462,-1.2587636868537992
27,music_focused,trend_6,trend,4610.178067513217,-53.89821932486783
27,music_focused,momentum_7,momentum,8217.418629190304,-17.82581370809696
28,music_focused,genre_0,genre,18655.022472022316,86.55022472022316
28,music_focused,genre_1,genre,18655.022472022316,86.55022472022316
28,music_focused,career_2,career,7966.782291817205,-20.33217708182795
28,music_focused,career_3,career,7966.782291817205,-20.33217708182795
28,music_focused,loyalty_4,loyalty,9624.466453399165,-3.755335466008346
28,music_focused,loyalty_5,loyalty,9624.466453399165,-3.755335466008346
28,music_focused,trend_6,trend,4328.418467064348,-56.715815329356516
28,music_focused,momentum_7,momentum,7871.706630411825,-21.28293369588175
29,music_focused,genre_0,genre,20503.58022857491,105.03580228574909
29,music_focused,genre_1,genre,20503.58022857491,105.03580228574909
29,music_focused,career_2,career,9755.361192946217,-2.4463880705378322
29,music_focused,career_3,career,9755.361192946217,-2.4463880705378322
29,music_focused,loyalty_4,loyalty,9675.554575707367,-3.2444542429263312
29,music_focused,loyalty_5,loyalty,9675.554575707367,-3.2444542429263312
29,music_focused,trend_6,trend,4407.442727314602,-55.92557272685398
29,music_focused,momentum_7,momentum,8279.583171032702,-17.204168289672978
