trial,config,states,steps,agent,wealth,return_pct
0,base_500,base,500,ql,3656.0097785033017,-63.439902214966985
0,base_500,base,500,momentum,9070.140167084312,-9.298598329156885
0,base_500,base,500,random,6477.228811040424,-35.22771188959576
1,base_500,base,500,ql,2790.818147084853,-72.09181852915147
1,base_500,base,500,momentum,7912.664444065045,-20.873355559349548
1,base_500,base,500,random,6496.758888643207,-35.03241111356793
2,base_500,base,500,ql,4506.550634344809,-54.934493656551915
2,base_500,base,500,momentum,9808.937696969444,-1.91062303030556
2,base_500,base,500,random,6135.218913464676,-38.64781086535324
3,base_500,base,500,ql,3003.6042141430976,-69.96395785856903
3,base_500,base,500,momentum,8314.062633995023,-16.85937366004977
3,base_500,base,500,random,6781.479349351874,-32.185206506481265
4,base_500,base,500,ql,3983.081313875032,-60.169186861249685
4,base_500,base,500,momentum,8602.509280649667,-13.974907193503332
4,base_500,base,500,random,6957.447149937672,-30.425528500623276
5,base_500,base,500,ql,3347.5348856270825,-66.52465114372917
5,base_500,base,500,momentum,8075.325005097919,-19.246749949020813
5,base_500,base,500,random,6945.7007028391645,-30.542992971608356
6,base_500,base,500,ql,3347.0902239262264,-66.52909776073773
6,base_500,base,500,momentum,8615.531870027326,-13.844681299726744
6,base_500,base,500,random,6819.661704181046,-31.80338295818954
7,base_500,base,500,ql,3716.1283694410376,-62.83871630558962
7,base_500,base,500,momentum,8096.683472956124,-19.033165270438758
7,base_500,base,500,random,6687.4110517389145,-33.12588948261086
8,base_500,base,500,ql,4562.672236762528,-54.37327763237472
8,base_500,base,500,momentum,8273.626828378958,-17.263731716210422
8,base_500,base,500,random,6303.855761581834,-36.961442384181666
9,base_500,base,500,ql,2257.96349437832,-77.4203650562168
9,base_500,base,500,momentum,8081.51482674988,-19.1848517325012
9,base_500,base,500,random,6757.742848374453,-32.422571516255466
10,base_500,base,500,ql,3691.830362687017,-63.08169637312984
10,base_500,base,500,momentum,8235.43215517732,-17.645678448226807
10,base_500,base,500,random,6765.176894999159,-32.34823105000841
11,base_500,base,500,ql,4362.329404556143,-56.37670595443856
11,base_500,base,500,momentum,9251.154422751284,-7.48845577248716
11,base_500,base,500,random,6458.776480210217,-35.41223519789783
12,base_500,base,500,ql,3000.9932291236264,-69.99006770876373
12,base_500,base,500,momentum,8539.236027027406,-14.607639729725943
12,base_500,base,500,random,6726.295548376239,-32.73704451623761
13,base_500,base,500,ql,4389.934768514981,-56.10065231485019
13,base_500,base,500,momentum,8239.324180254365,-17.606758197456347
13,base_500,base,500,random,6449.652088188922,-35.50347911811078
14,base_500,base,500,ql,3404.100290195976,-65.95899709804024
14,base_500,base,500,momentum,7730.938882418663,-22.690611175813373
14,base_500,base,500,random,6237.516216517209,-37.624837834827915
15,base_500,base,500,ql,3300.4579237338767,-66.99542076266124
15,base_500,base,500,momentum,8562.182089968343,-14.378179100316574
15,base_500,base,500,random,6766.06664716244,-32.3393335283756
16,base_500,base,500,ql,3681.965424789036,-63.180345752109645
16,base_500,base,500,momentum,7801.031667397601,-21.989683326023986
16,base_500,base,500,random,6311.4616432932535,-36.885383567067464
17,base_500,base,500,ql,3478.2540142678563,-65.21745985732144
17,base_500,base,500,momentum,9030.079313316579,-9.69920686683421
17,base_500,base,500,random,6328.76971912482,-36.7123028087518
18,base_500,base,500,ql,3730.4264936335235,-62.69573506366476
18,base_500,base,500,momentum,8526.54289974849,-14.734571002515095
18,base_500,base,500,random,6262.137369671316,-37.378626303286836
19,base_500,base,500,ql,3451.5598838807164,-65.48440116119284
19,base_500,base,500,momentum,8639.756946961785,-13.602430530382152
19,base_500,base,500,random,6437.106191773298,-35.62893808226702
20,base_500,base,500,ql,3042.965828309315,-69.57034171690685
20,base_500,base,500,momentum,8371.376398736104,-16.286236012638966
20,base_500,base,500,random,6642.619109388269,-33.57380890611731
21,base_500,base,500,ql,3091.937909955134,-69.08062090044866
21,base_500,base,500,momentum,7920.290178675655,-20.79709821324345
21,base_500,base,500,random,7361.288324815184,-26.38711675184816
22,base_500,base,500,ql,5202.12874710976,-47.9787125289024
22,base_500,base,500,momentum,8035.8040411561515,-19.641959588438485
22,base_500,base,500,random,6359.238749243212,-36.40761250756788
23,base_500,base,500,ql,3930.51788544158,-60.6948211455842
23,base_500,base,500,momentum,8517.719998531953,-14.82280001468047
23,base_500,base,500,random,6098.342057853832,-39.016579421461685
24,base_500,base,500,ql,2505.535031596143,-74.94464968403857
24,base_500,base,500,momentum,8592.790742554962,-14.07209257445038
24,base_500,base,500,random,6279.040351191831,-37.20959648808169
25,base_500,base,500,ql,4001.2796074392886,-59.98720392560712
25,base_500,base,500,momentum,9067.62489215992,-9.3237510784008
25,base_500,base,500,random,6902.780614351854,-30.972193856481464
26,base_500,base,500,ql,3220.646253803158,-67.79353746196843
26,base_500,base,500,momentum,8262.847188145968,-17.37152811854032
26,base_500,base,500,random,6758.244370724234,-32.417556292757666
27,base_500,base,500,ql,4839.702337427693,-51.602976625723066
27,base_500,base,500,momentum,8545.473746149517,-14.545262538504831
27,base_500,base,500,random,6458.219884559397,-35.417801154406035
28,base_500,base,500,ql,3636.3771363984847,-63.63622863601515
28,base_500,base,500,momentum,8507.649529653487,-14.923504703465133
28,base_500,base,500,random,6700.600306276592,-32.99399693723408
29,base_500,base,500,ql,4677.055588907531,-53.22944411092469
29,base_500,base,500,momentum,9342.066561696047,-6.579334383039532
29,base_500,base,500,random,5739.589647927719,-42.60410352072281
0,base_1000,base,1000,ql,1034.8783954296282,-89.65121604570372
0,base_1000,base,1000,momentum,7678.633865299308,-23.21366134700692
0,base_1000,base,1000,random,5103.788019123073,-48.962119808769266
1,base_1000,base,1000,ql,1061.3386296849064,-89.38661370315094
1,base_1000,base,1000,momentum,7084.212598226977,-29.15787401773023
1,base_1000,base,1000,random,5347.533229787842,-46.524667702121576
2,base_1000,base,1000,ql,1227.6303015784913,-87.7236969842151
2,base_1000,base,1000,momentum,7922.3340039650375,-20.776659960349626
2,base_1000,base,1000,random,5479.222909666831,-45.20777090333169
3,base_1000,base,1000,ql,1098.906930180313,-89.01093069819686
3,base_1000,base,1000,momentum,7696.38990374193,-23.036100962580704
3,base_1000,base,1000,random,5049.733594396474,-49.502664056035265
4,base_1000,base,1000,ql,713.6444449686697,-92.86355555031331
4,base_1000,base,1000,momentum,7371.16958837357,-26.2883041162643
4,base_1000,base,1000,random,5369.187186676066,-46.30812813323934
5,base_1000,base,1000,ql,798.9565315965654,-92.01043468403435
5,base_1000,base,1000,momentum,7702.611056275993,-22.973889437240068
5,base_1000,base,1000,random,5008.788616638164,-49.912113833618356
6,base_1000,base,1000,ql,918.2887656613287,-90.81711234338671
6,base_1000,base,1000,momentum,7295.978092708373,-27.04021907291627
6,base_1000,base,1000,random,4838.488882660405,-51.61511117339595
7,base_1000,base,1000,ql,2247.197363189877,-77.52802636810124
7,base_1000,base,1000,momentum,8341.169256831912,-16.588307431680878
7,base_1000,base,1000,random,4752.507462362756,-52.47492537637244
8,base_1000,base,1000,ql,914.3621167787746,-90.85637883221224
8,base_1000,base,1000,momentum,7606.954283811148,-23.930457161888516
8,base_1000,base,1000,random,5448.078926851435,-45.51921073148564
9,base_1000,base,1000,ql,888.4933452401352,-91.11506654759866
9,base_1000,base,1000,momentum,8495.957813027117,-15.040421869728835
9,base_1000,base,1000,random,5873.331761844151,-41.266682381558496
10,base_1000,base,1000,ql,1658.0107024956947,-83.41989297504306
10,base_1000,base,1000,momentum,7386.314513509206,-26.136854864907935
10,base_1000,base,1000,random,4857.350016751851,-51.42649983248148
11,base_1000,base,1000,ql,930.0143715564469,-90.69985628443554
11,base_1000,base,1000,momentum,7689.381349936832,-23.106186500631683
11,base_1000,base,1000,random,4922.887441127038,-50.77112558872962
12,base_1000,base,1000,ql,1034.7257203200882,-89.65274279679912
12,base_1000,base,1000,momentum,7639.75778858521,-23.602422114147902
12,base_1000,base,1000,random,5084.8651289299405,-49.151348710700596
13,base_1000,base,1000,ql,838.5723613032094,-91.6142763869679
13,base_1000,base,1000,momentum,8533.115111433708,-14.66884888566292
13,base_1000,base,1000,random,5536.745212732509,-44.63254787267491
14,base_1000,base,1000,ql,730.1478491496422,-92.69852150850357
14,base_1000,base,1000,momentum,8129.562707249723,-18.704372927502774
14,base_1000,base,1000,random,5082.138758745028,-49.17861241254972
15,base_1000,base,1000,ql,648.2664538356282,-93.51733546164373
15,base_1000,base,1000,momentum,7559.567244606118,-24.40432755393882
15,base_1000,base,1000,random,4741.465530369976,-52.58534469630025
16,base_1000,base,1000,ql,1005.7916808800933,-89.94208319119907
16,base_1000,base,1000,momentum,7167.634487184589,-28.323655128154115
16,base_1000,base,1000,random,5215.380884937315,-47.846191150626844
17,base_1000,base,1000,ql,608.4482407076653,-93.91551759292335
17,base_1000,base,1000,momentum,8149.902330388267,-18.50097669611733
17,base_1000,base,1000,random,5052.604438518635,-49.47395561481365
18,base_1000,base,1000,ql,1465.1511578601312,-85.34848842139868
18,base_1000,base,1000,momentum,7485.7523100964345,-25.142476899035657
18,base_1000,base,1000,random,4727.226800486546,-52.72773199513453
19,base_1000,base,1000,ql,1152.4828625733612,-88.4751713742664
19,base_1000,base,1000,momentum,8753.50533810279,-12.4649466189721
19,base_1000,base,1000,random,5488.336030615335,-45.11663969384664
20,base_1000,base,1000,ql,3508.9266452595157,-64.91073354740485
20,base_1000,base,1000,momentum,8664.744133209664,-13.35255866790336
20,base_1000,base,1000,random,5427.8421532784505,-45.721578467215494
21,base_1000,base,1000,ql,1174.1641568577913,-88.2583584314221
21,base_1000,base,1000,momentum,7854.568320971556,-21.454316790284437
21,base_1000,base,1000,random,5195.475820221801,-48.04524179778199
22,base_1000,base,1000,ql,1514.100958513978,-84.85899041486022
22,base_1000,base,1000,momentum,8602.219205332936,-13.977807946670637
22,base_1000,base,1000,random,4736.226237219721,-52.63773762780279
23,base_1000,base,1000,ql,829.0566660909959,-91.70943333909004
23,base_1000,base,1000,momentum,7379.572491138154,-26.20427508861846
23,base_1000,base,1000,random,4874.683006026243,-51.253169939737575
24,base_1000,base,1000,ql,2819.2020973888607,-71.80797902611138
24,base_1000,base,1000,momentum,7276.954836684356,-27.230451633156434
24,base_1000,base,1000,random,5314.943851810921,-46.85056148189079
25,base_1000,base,1000,ql,1204.9844611871,-87.950155388129
25,base_1000,base,1000,momentum,8379.442364047742,-16.205576359522585
25,base_1000,base,1000,random,5481.248839247681,-45.18751160752319
26,base_1000,base,1000,ql,681.8208535360792,-93.1817914646392
26,base_1000,base,1000,momentum,7679.906496600414,-23.200935033995858
26,base_1000,base,1000,random,4540.762820694674,-54.59237179305326
27,base_1000,base,1000,ql,1789.3386433857547,-82.10661356614246
27,base_1000,base,1000,momentum,8323.603226049616,-16.76396773950384
27,base_1000,base,1000,random,5126.455600184699,-48.735443998153016
28,base_1000,base,1000,ql,2093.6768616028116,-79.06323138397188
28,base_1000,base,1000,momentum,7365.844413785643,-26.34155586214357
28,base_1000,base,1000,random,5189.728210898386,-48.102717891016134
29,base_1000,base,1000,ql,906.796747573947,-90.93203252426053
29,base_1000,base,1000,momentum,7885.800704981727,-21.14199295018273
29,base_1000,base,1000,random,4972.022382332473,-50.27977617667527
0,base_2000,base,2000,ql,38.70211630775948,-99.61297883692241
0,base_2000,base,2000,momentum,6030.0566635604655,-39.69943336439535
0,base_2000,base,2000,random,2775.4622952665554,-72.24537704733444
1,base_2000,base,2000,ql,53.150733431460495,-99.46849266568539
1,base_2000,base,2000,momentum,6511.439388079344,-34.88560611920656
1,base_2000,base,2000,random,3598.1840180829513,-64.01815981917049
2,base_2000,base,2000,ql,34.931586940522806,-99.65068413059477
2,base_2000,base,2000,momentum,6724.795530711891,-32.75204469288109
2,base_2000,base,2000,random,3019.7019391997087,-69.80298060800291
3,base_2000,base,2000,ql,68.03731080874395,-99.31962689191256
3,base_2000,base,2000,momentum,6769.266277194349,-32.30733722805651
3,base_2000,base,2000,random,3102.0687247032934,-68.97931275296708
4,base_2000,base,2000,ql,43.56691341974321,-99.56433086580256
4,base_2000,base,2000,momentum,6218.524408157677,-37.81475591842323
4,base_2000,base,2000,random,2838.417279918271,-71.6158272008173
5,base_2000,base,2000,ql,39.936557428366434,-99.60063442571635
5,base_2000,base,2000,momentum,6566.504328230143,-34.33495671769857
5,base_2000,base,2000,random,3293.759988829681,-67.0624001117032
6,base_2000,base,2000,ql,43.6285796430157,-99.56371420356983
6,base_2000,base,2000,momentum,7298.596179223939,-27.014038207760613
6,base_2000,base,2000,random,2929.2722915927507,-70.70727708407249
7,base_2000,base,2000,ql,114.92030846611671,-98.85079691533883
7,base_2000,base,2000,momentum,7828.600975657573,-21.71399024342427
7,base_2000,base,2000,random,2532.065016368993,-74.67934983631007
8,base_2000,base,2000,ql,39.79614346590882,-99.60203856534092
8,base_2000,base,2000,momentum,6784.768702321622,-32.152312976783776
8,base_2000,base,2000,random,3482.051163722837,-65.17948836277162
9,base_2000,base,2000,ql,51.5531017983508,-99.4844689820165
9,base_2000,base,2000,momentum,8545.400664575514,-14.545993354244857
9,base_2000,base,2000,random,3743.755392061171,-62.562446079388295
10,base_2000,base,2000,ql,70.94014909802009,-99.2905985090198
10,base_2000,base,2000,momentum,6626.104946617864,-33.73895053382136
10,base_2000,base,2000,random,3458.891707677345,-65.41108292322654
11,base_2000,base,2000,ql,63.96760615804937,-99.36032393841951
11,base_2000,base,2000,momentum,7589.256460720658,-24.107435392793423
11,base_2000,base,2000,random,3370.264964086859,-66.29735035913141
12,base_2000,base,2000,ql,37.24210418240483,-99.62757895817595
12,base_2000,base,2000,momentum,7158.214271531969,-28.417857284680313
12,base_2000,base,2000,random,3291.9788984323677,-67.08021101567633
13,base_2000,base,2000,ql,55.62025026016872,-99.44379749739832
13,base_2000,base,2000,momentum,7105.60129774698,-28.9439870225302
13,base_2000,base,2000,random,2994.3599161786537,-70.05640083821346
14,base_2000,base,2000,ql,38.396967635950986,-99.6160303236405
14,base_2000,base,2000,momentum,7624.829901618284,-23.751700983817162
14,base_2000,base,2000,random,3409.7024494776433,-65.90297550522357
15,base_2000,base,2000,ql,26.192885539768056,-99.73807114460233
15,base_2000,base,2000,momentum,7003.038102274473,-29.96961897725527
15,base_2000,base,2000,random,2238.602166655199,-77.61397833344802
16,base_2000,base,2000,ql,52.28464252029495,-99.47715357479704
16,base_2000,base,2000,momentum,6489.252188743641,-35.107478112563584
16,base_2000,base,2000,random,2750.591129688354,-72.49408870311646
17,base_2000,base,2000,ql,44.86564244684911,-99.5513435755315
17,base_2000,base,2000,momentum,7480.074542800603,-25.19925457199397
17,base_2000,base,2000,random,2885.194165375452,-71.14805834624548
18,base_2000,base,2000,ql,95.2882061600196,-99.04711793839981
18,base_2000,base,2000,momentum,6194.996463196032,-38.05003536803968
18,base_2000,base,2000,random,2849.826109184217,-71.50173890815783
19,base_2000,base,2000,ql,57.10422236700485,-99.42895777632995
19,base_2000,base,2000,momentum,7779.883825248483,-22.201161747515172
19,base_2000,base,2000,random,4303.573138854502,-56.96426861145498
20,base_2000,base,2000,ql,373.13798743121026,-96.2686201256879
20,base_2000,base,2000,momentum,8673.553822638503,-13.264461773614967
20,base_2000,base,2000,random,3659.7670264713306,-63.40232973528669
21,base_2000,base,2000,ql,69.99802510070144,-99.30001974899298
21,base_2000,base,2000,momentum,7962.863897480983,-20.371361025190172
21,base_2000,base,2000,random,3008.621193631229,-69.91378806368772
22,base_2000,base,2000,ql,63.655043732743586,-99.36344956267256
22,base_2000,base,2000,momentum,8328.33482160651,-16.716651783934903
22,base_2000,base,2000,random,2843.173480066886,-71.56826519933115
23,base_2000,base,2000,ql,51.434746069401825,-99.48565253930597
23,base_2000,base,2000,momentum,7850.754033845802,-21.49245966154198
23,base_2000,base,2000,random,3221.3548086097653,-67.78645191390234
24,base_2000,base,2000,ql,187.0230184745144,-98.12976981525486
24,base_2000,base,2000,momentum,6989.857813673538,-30.101421863264623
24,base_2000,base,2000,random,3345.3686938508413,-66.54631306149159
25,base_2000,base,2000,ql,48.659197359671865,-99.51340802640328
25,base_2000,base,2000,momentum,8120.171152886829,-18.79828847113171
25,base_2000,base,2000,random,4425.8686155343985,-55.74131384465601
26,base_2000,base,2000,ql,32.779784597012004,-99.67220215402988
26,base_2000,base,2000,momentum,8029.726163595996,-19.70273836404004
26,base_2000,base,2000,random,2740.3691097859,-72.596308902141
27,base_2000,base,2000,ql,83.76625050890384,-99.16233749491096
27,base_2000,base,2000,momentum,6672.705869874447,-33.272941301255536
27,base_2000,base,2000,random,3403.3811859312377,-65.96618814068762
28,base_2000,base,2000,ql,104.08434407125515,-98.95915655928744
28,base_2000,base,2000,momentum,6576.348674584063,-34.23651325415937
28,base_2000,base,2000,random,2992.1891908018924,-70.07810809198108
29,base_2000,base,2000,ql,35.375798719976125,-99.64624201280023
29,base_2000,base,2000,momentum,7499.455576181316,-25.005444238186836
29,base_2000,base,2000,random,2978.597454769991,-70.21402545230008
0,high_500,high,500,ql,5347.991598463801,-46.52008401536199
0,high_500,high,500,momentum,8496.861127481781,-15.031388725182188
0,high_500,high,500,random,6744.373920791581,-32.55626079208419
1,high_500,high,500,ql,4861.592217237248,-51.384077827627515
1,high_500,high,500,momentum,7626.405878591273,-23.73594121408727
1,high_500,high,500,random,6520.119124197357,-34.798808758026425
2,high_500,high,500,ql,6076.145062966848,-39.23854937033152
2,high_500,high,500,momentum,8389.553320061978,-16.104466799380226
2,high_500,high,500,random,6383.956394726148,-36.160436052738525
3,high_500,high,500,ql,6567.7674746489965,-34.32232525351004
3,high_500,high,500,momentum,9300.069940215839,-6.999300597841612
3,high_500,high,500,random,6453.485593513798,-35.46514406486202
4,high_500,high,500,ql,5187.232789697677,-48.12767210302323
4,high_500,high,500,momentum,8345.948448118408,-16.54051551881592
4,high_500,high,500,random,6565.411752952623,-34.34588247047377
5,high_500,high,500,ql,5258.214238884707,-47.41785761115293
5,high_500,high,500,momentum,8681.095662358935,-13.189043376410645
5,high_500,high,500,random,6069.428715533698,-39.30571284466302
6,high_500,high,500,ql,4321.623545559499,-56.78376454440501
6,high_500,high,500,momentum,9163.009330900459,-8.369906690995412
6,high_500,high,500,random,6699.95465355148,-33.0004534644852
7,high_500,high,500,ql,5032.865045911498,-49.67134954088502
7,high_500,high,500,momentum,7909.49728670865,-20.905027132913503
7,high_500,high,500,random,6637.432327123067,-33.62567672876933
8,high_500,high,500,ql,5181.8188559373975,-48.18181144062603
8,high_500,high,500,momentum,8102.037016127339,-18.979629838726613
8,high_500,high,500,random,7141.84851344904,-28.581514865509597
9,high_500,high,500,ql,4636.512924058018,-53.63487075941982
9,high_500,high,500,momentum,8599.120207297861,-14.008797927021387
9,high_500,high,500,random,6527.4798373657395,-34.7252016263426
10,high_500,high,500,ql,4552.674030898717,-54.47325969101283
10,high_500,high,500,momentum,7774.830293267778,-22.25169706732222
10,high_500,high,500,random,6107.76102663967,-38.9223897336033
11,high_500,high,500,ql,4887.814192128753,-51.121858078712464
11,high_500,high,500,momentum,7413.28340190813,-25.8671659809187
11,high_500,high,500,random,6161.240685914604,-38.38759314085396
12,high_500,high,500,ql,4288.167495718153,-57.11832504281847
12,high_500,high,500,momentum,8306.136597020215,-16.93863402979785
12,high_500,high,500,random,6338.369089761826,-36.616309102381734
13,high_500,high,500,ql,5158.171168769994,-48.41828831230006
13,high_500,high,500,momentum,7679.174822655854,-23.20825177344146
13,high_500,high,500,random,6869.841955161179,-31.30158044838821
14,high_500,high,500,ql,4807.20396412425,-51.9279603587575
14,high_500,high,500,momentum,8408.227842266893,-15.917721577331067
14,high_500,high,500,random,6100.73807546098,-38.992619245390195
15,high_500,high,500,ql,5139.656862009149,-48.60343137990851
15,high_500,high,500,momentum,8447.841531717653,-15.521584682823468
15,high_500,high,500,random,6725.578324562504,-32.74421675437495
16,high_500,high,500,ql,6142.753278347276,-38.57246721652724
16,high_500,high,500,momentum,8300.660744501572,-16.993392554984275
16,high_500,high,500,random,6484.875101508722,-35.15124898491278
17,high_500,high,500,ql,5531.6907438862745,-44.68309256113726
17,high_500,high,500,momentum,8467.99063203034,-15.320093679696601
17,high_500,high,500,random,6182.454473052896,-38.17545526947104
18,high_500,high,500,ql,5170.552427572479,-48.29447572427521
18,high_500,high,500,momentum,8587.258896834215,-14.127411031657848
18,high_500,high,500,random,6707.031519825392,-32.92968480174608
19,high_500,high,500,ql,3666.5803453690382,-63.33419654630961
19,high_500,high,500,momentum,8128.005790100593,-18.71994209899407
19,high_500,high,500,random,6848.990388383636,-31.51009611616364
20,high_500,high,500,ql,5563.60290807325,-44.3639709192675
20,high_500,high,500,momentum,9400.725327379005,-5.992746726209953
20,high_500,high,500,random,6558.353396111644,-34.41646603888356
21,high_500,high,500,ql,5101.175313957905,-48.98824686042095
21,high_500,high,500,momentum,8738.668284633233,-12.613317153667667
21,high_500,high,500,random,7178.777572597926,-28.212224274020738
22,high_500,high,500,ql,5097.507235744686,-49.02492764255314
22,high_500,high,500,momentum,7576.380580173545,-24.23619419826455
22,high_500,high,500,random,5913.595203462571,-40.86404796537429
23,high_500,high,500,ql,5276.569066559277,-47.23430933440723
23,high_500,high,500,momentum,8902.815122583363,-10.971848774166373
23,high_500,high,500,random,6494.738995851186,-35.052610041488144
24,high_500,high,500,ql,4929.277208229803,-50.707227917701964
24,high_500,high,500,momentum,8531.006543023823,-14.689934569761771
24,high_500,high,500,random,6506.429647628271,-34.935703523717294
25,high_500,high,500,ql,4921.576621053781,-50.784233789462185
25,high_500,high,500,momentum,8391.37419724734,-16.0862580275266
25,high_500,high,500,random,6195.525911954827,-38.04474088045173
26,high_500,high,500,ql,5913.587382294651,-40.864126177053485
26,high_500,high,500,momentum,7680.319316228204,-23.196806837717958
26,high_500,high,500,random,6273.850245893457,-37.26149754106543
27,high_500,high,500,ql,5221.500200726203,-47.78499799273797
27,high_500,high,500,momentum,9363.245971788423,-6.36754028211577
27,high_500,high,500,random,6738.863194057698,-32.61136805942302
28,high_500,high,500,ql,5539.261419051142,-44.60738580948858
28,high_500,high,500,momentum,8317.912289770824,-16.82087710229176
28,high_500,high,500,random,6034.461733254302,-39.655382667456976
29,high_500,high,500,ql,6018.228192314863,-39.81771807685137
29,high_500,high,500,momentum,9049.890960054345,-9.501090399456553
29,high_500,high,500,random,7047.900699333961,-29.52099300666039
0,high_1000,high,1000,ql,3646.9994114324604,-63.5300058856754
0,high_1000,high,1000,momentum,6253.027096533817,-37.46972903466183
0,high_1000,high,1000,random,5218.599667638241,-47.81400332361759
1,high_1000,high,1000,ql,5105.275270926642,-48.94724729073358
1,high_1000,high,1000,momentum,8368.397410866144,-16.31602589133856
1,high_1000,high,1000,random,5164.85619791365,-48.3514380208635
2,high_1000,high,1000,ql,2998.4733760139447,-70.01526623986055
2,high_1000,high,1000,momentum,8437.077364490486,-15.629226355095144
2,high_1000,high,1000,random,4763.662579992208,-52.36337420007792
3,high_1000,high,1000,ql,2855.673200031074,-71.44326799968925
3,high_1000,high,1000,momentum,7362.205768612978,-26.377942313870218
3,high_1000,high,1000,random,5130.401843718765,-48.69598156281235
4,high_1000,high,1000,ql,2864.641667039553,-71.35358332960448
4,high_1000,high,1000,momentum,8014.263793488102,-19.857362065118977
4,high_1000,high,1000,random,5452.815786051912,-45.47184213948088
5,high_1000,high,1000,ql,3539.6404207194946,-64.60359579280505
5,high_1000,high,1000,momentum,7639.076456817004,-23.60923543182996
5,high_1000,high,1000,random,5452.857575699793,-45.47142424300207
6,high_1000,high,1000,ql,3515.9323659686106,-64.84067634031389
6,high_1000,high,1000,momentum,8016.778852019995,-19.83221147980005
6,high_1000,high,1000,random,5566.335668175048,-44.336643318249514
7,high_1000,high,1000,ql,3830.806496031,-61.691935039689994
7,high_1000,high,1000,momentum,7684.360758360427,-23.15639241639573
7,high_1000,high,1000,random,5193.85690335483,-48.061430966451695
8,high_1000,high,1000,ql,3972.5308170151284,-60.27469182984871
8,high_1000,high,1000,momentum,7649.763139008385,-23.502368609916147
8,high_1000,high,1000,random,4764.209318328739,-52.357906816712614
9,high_1000,high,1000,ql,4217.940829072438,-57.820591709275625
9,high_1000,high,1000,momentum,8347.330491191424,-16.526695088085763
9,high_1000,high,1000,random,5130.625548192707,-48.693744518072926
10,high_1000,high,1000,ql,4224.993577171205,-57.75006422828795
10,high_1000,high,1000,momentum,7907.353378931862,-20.926466210681383
10,high_1000,high,1000,random,5558.416504928141,-44.41583495071859
11,high_1000,high,1000,ql,2961.128761283394,-70.38871238716607
11,high_1000,high,1000,momentum,8039.424821196936,-19.605751788030638
11,high_1000,high,1000,random,5454.623270572279,-45.45376729427721
12,high_1000,high,1000,ql,3806.799747381247,-61.93200252618753
12,high_1000,high,1000,momentum,7708.280263717524,-22.917197362824762
12,high_1000,high,1000,random,5503.869712213647,-44.961302877863524
13,high_1000,high,1000,ql,3558.6427287615306,-64.41357271238469
13,high_1000,high,1000,momentum,8952.091398099608,-10.479086019003917
13,high_1000,high,1000,random,5625.491518496269,-43.74508481503731
14,high_1000,high,1000,ql,3405.0467171697533,-65.94953282830247
14,high_1000,high,1000,momentum,7582.636473109006,-24.173635268909937
14,high_1000,high,1000,random,4593.453732822076,-54.065462671779244
15,high_1000,high,1000,ql,3100.466874377474,-68.99533125622526
15,high_1000,high,1000,momentum,7706.3182732536625,-22.936817267463375
15,high_1000,high,1000,random,5446.348754929098,-45.536512450709026
16,high_1000,high,1000,ql,4635.576435355064,-53.64423564644936
16,high_1000,high,1000,momentum,8011.907329878153,-19.880926701218467
16,high_1000,high,1000,random,5080.7391344813095,-49.1926086551869
17,high_1000,high,1000,ql,3150.8979782746837,-68.49102021725317
17,high_1000,high,1000,momentum,7066.748573095817,-29.33251426904183
17,high_1000,high,1000,random,4430.154915793021,-55.69845084206979
18,high_1000,high,1000,ql,3174.495538445113,-68.25504461554887
18,high_1000,high,1000,momentum,8161.910068913566,-18.380899310864343
18,high_1000,high,1000,random,5198.444477801857,-48.01555522198143
19,high_1000,high,1000,ql,2940.0620831564083,-70.59937916843592
19,high_1000,high,1000,momentum,7066.048063334132,-29.339519366658678
19,high_1000,high,1000,random,4983.576818976201,-50.164231810237986
20,high_1000,high,1000,ql,4640.583349180572,-53.59416650819428
20,high_1000,high,1000,momentum,7787.848167378075,-22.12151832621925
20,high_1000,high,1000,random,5208.757247490178,-47.91242752509822
21,high_1000,high,1000,ql,3274.586225294404,-67.25413774705595
21,high_1000,high,1000,momentum,8857.458845410478,-11.425411545895223
21,high_1000,high,1000,random,5102.118819432407,-48.97881180567593
22,high_1000,high,1000,ql,2794.430929056708,-72.05569070943292
22,high_1000,high,1000,momentum,8577.736576792824,-14.22263423207176
22,high_1000,high,1000,random,4672.69525763535,-53.2730474236465
23,high_1000,high,1000,ql,3225.828480921994,-67.74171519078006
23,high_1000,high,1000,momentum,7991.115645800207,-20.08884354199793
23,high_1000,high,1000,random,5435.92975930063,-45.6407024069937
24,high_1000,high,1000,ql,4804.047586335095,-51.95952413664905
24,high_1000,high,1000,momentum,7967.348332645125,-20.32651667354875
24,high_1000,high,1000,random,4839.169508790769,-51.60830491209231
25,high_1000,high,1000,ql,3102.5295034834267,-68.97470496516573
25,high_1000,high,1000,momentum,7298.567315277425,-27.014326847225746
25,high_1000,high,1000,random,5109.826159983871,-48.90173840016129
26,high_1000,high,1000,ql,3993.98132317872,-60.06018676821281
26,high_1000,high,1000,momentum,7202.0870670472295,-27.979129329527705
26,high_1000,high,1000,random,5368.810680695019,-46.31189319304981
27,high_1000,high,1000,ql,3932.570020552814,-60.674299794471864
27,high_1000,high,1000,momentum,8010.406632019474,-19.895933679805257
27,high_1000,high,1000,random,5610.90560163952,-43.8909439836048
28,high_1000,high,1000,ql,3305.176513663816,-66.94823486336185
28,high_1000,high,1000,momentum,8239.605317248752,-17.60394682751248
28,high_1000,high,1000,random,5132.014022615125,-48.67985977384875
29,high_1000,high,1000,ql,2843.1299730437654,-71.56870026956234
29,high_1000,high,1000,momentum,8040.176957551696,-19.598230424483035
29,high_1000,high,1000,random,4880.760409242686,-51.192395907573136
0,high_2000,high,2000,ql,1614.4986783460247,-83.85501321653976
0,high_2000,high,2000,momentum,6392.2594509321225,-36.07740549067878
0,high_2000,high,2000,random,3076.147190788652,-69.23852809211348
1,high_2000,high,2000,ql,2086.2699449547463,-79.13730055045254
1,high_2000,high,2000,momentum,7663.347386663164,-23.36652613336836
1,high_2000,high,2000,random,2438.3899816334438,-75.61610018366557
2,high_2000,high,2000,ql,1181.7849419192169,-88.18215058080783
2,high_2000,high,2000,momentum,7813.632566662838,-21.86367433337162
2,high_2000,high,2000,random,2798.6925497302336,-72.01307450269766
3,high_2000,high,2000,ql,1232.549973776367,-87.67450026223632
3,high_2000,high,2000,momentum,7035.452977145345,-29.645470228546547
3,high_2000,high,2000,random,2891.348965339344,-71.08651034660656
4,high_2000,high,2000,ql,1310.4840133753669,-86.89515986624632
4,high_2000,high,2000,momentum,7225.238787233631,-27.747612127663686
4,high_2000,high,2000,random,3255.6157665626915,-67.44384233437309
5,high_2000,high,2000,ql,1762.031705521337,-82.37968294478664
5,high_2000,high,2000,momentum,6992.412215754144,-30.075877842458556
5,high_2000,high,2000,random,3460.2203929141283,-65.39779607085872
6,high_2000,high,2000,ql,1663.7691730724293,-83.36230826927572
6,high_2000,high,2000,momentum,7578.0300995610405,-24.219699004389597
6,high_2000,high,2000,random,3486.120851965121,-65.13879148034879
7,high_2000,high,2000,ql,1490.1921850818044,-85.09807814918196
7,high_2000,high,2000,momentum,7064.417576855676,-29.35582423144324
7,high_2000,high,2000,random,2719.3475801405157,-72.80652419859484
8,high_2000,high,2000,ql,2171.287300172778,-78.28712699827221
8,high_2000,high,2000,momentum,7457.5915612862955,-25.424084387137047
8,high_2000,high,2000,random,3348.9957024233067,-66.51004297576694
9,high_2000,high,2000,ql,2571.032775789191,-74.2896722421081
9,high_2000,high,2000,momentum,7499.492655242882,-25.005073447571178
9,high_2000,high,2000,random,2668.1397581234855,-73.31860241876515
10,high_2000,high,2000,ql,2246.908190739283,-77.53091809260717
10,high_2000,high,2000,momentum,7898.999295819535,-21.01000704180465
10,high_2000,high,2000,random,3352.024798506987,-66.47975201493013
11,high_2000,high,2000,ql,1546.0763166750958,-84.53923683324905
11,high_2000,high,2000,momentum,7917.029446118911,-20.829705538810884
11,high_2000,high,2000,random,3408.3014097676682,-65.91698590232332
12,high_2000,high,2000,ql,1602.9244629403045,-83.97075537059696
12,high_2000,high,2000,momentum,7425.240870968111,-25.747591290318887
12,high_2000,high,2000,random,2742.754029694205,-72.57245970305794
13,high_2000,high,2000,ql,2467.3271534935807,-75.32672846506419
13,high_2000,high,2000,momentum,8643.128779392744,-13.56871220607256
13,high_2000,high,2000,random,3741.4011674751705,-62.58598832524829
14,high_2000,high,2000,ql,2209.670185156852,-77.90329814843147
14,high_2000,high,2000,momentum,6889.375607509802,-31.10624392490198
14,high_2000,high,2000,random,2391.4942595148214,-76.08505740485178
15,high_2000,high,2000,ql,1027.7490169044024,-89.72250983095597
15,high_2000,high,2000,momentum,7574.752065002231,-24.252479349977694
15,high_2000,high,2000,random,3217.4283528254855,-67.82571647174514
16,high_2000,high,2000,ql,2433.6938766724643,-75.66306123327536
16,high_2000,high,2000,momentum,8291.908874680466,-17.080911253195335
16,high_2000,high,2000,random,3422.673244671301,-65.77326755328698
17,high_2000,high,2000,ql,1239.6565574059728,-87.60343442594026
17,high_2000,high,2000,momentum,6155.053308212988,-38.449466917870126
17,high_2000,high,2000,random,2754.7232090190323,-72.45276790980968
18,high_2000,high,2000,ql,1381.7626187834762,-86.18237381216524
18,high_2000,high,2000,momentum,7435.124399740026,-25.64875600259974
18,high_2000,high,2000,random,3026.5825063907455,-69.73417493609254
19,high_2000,high,2000,ql,1038.2105956044613,-89.61789404395539
19,high_2000,high,2000,momentum,6445.464919495999,-35.54535080504001
19,high_2000,high,2000,random,3197.9646440715937,-68.02035355928406
20,high_2000,high,2000,ql,3224.7163896499983,-67.75283610350002
20,high_2000,high,2000,momentum,6717.992173412465,-32.82007826587535
20,high_2000,high,2000,random,3050.646421843118,-69.49353578156882
21,high_2000,high,2000,ql,1258.280691277781,-87.41719308722219
21,high_2000,high,2000,momentum,7662.811641444598,-23.371883585554023
21,high_2000,high,2000,random,3409.1334557523405,-65.90866544247659
22,high_2000,high,2000,ql,1113.3041395714515,-88.86695860428549
22,high_2000,high,2000,momentum,7070.401932217635,-29.295980677823653
22,high_2000,high,2000,random,2932.8136538168706,-70.6718634618313
23,high_2000,high,2000,ql,1357.9054755917407,-86.42094524408259
23,high_2000,high,2000,momentum,7266.559883112291,-27.334401168877093
23,high_2000,high,2000,random,3694.15027491148,-63.058497250885196
24,high_2000,high,2000,ql,3327.517874371385,-66.72482125628615
24,high_2000,high,2000,momentum,7645.6450455328695,-23.543549544671304
24,high_2000,high,2000,random,2685.0174534117,-73.149825465883
25,high_2000,high,2000,ql,1028.3351817511266,-89.71664818248874
25,high_2000,high,2000,momentum,7711.5771572298645,-22.884228427701355
25,high_2000,high,2000,random,3327.492151891755,-66.72507848108245
26,high_2000,high,2000,ql,1202.5695889583649,-87.97430411041634
26,high_2000,high,2000,momentum,6465.26960181063,-35.3473039818937
26,high_2000,high,2000,random,3280.7946012482034,-67.19205398751797
27,high_2000,high,2000,ql,2204.3139236656984,-77.95686076334302
27,high_2000,high,2000,momentum,7376.26562974278,-26.237343702572197
27,high_2000,high,2000,random,3615.006382616795,-63.84993617383205
28,high_2000,high,2000,ql,1773.0999752981684,-82.26900024701833
28,high_2000,high,2000,momentum,7165.136315870162,-28.348636841298376
28,high_2000,high,2000,random,3157.05178110542,-68.4294821889458
29,high_2000,high,2000,ql,1165.6517534979619,-88.34348246502039
29,high_2000,high,2000,momentum,7629.019964796331,-23.70980035203669
29,high_2000,high,2000,random,2776.8402579316144,-72.23159742068385
0,pre_base_500,pre_base,500,ql,6624.363894753189,-33.75636105246811
0,pre_base_500,pre_base,500,momentum,8645.947181741232,-13.540528182587677
0,pre_base_500,pre_base,500,random,6458.417105143624,-35.41582894856376
1,pre_base_500,pre_base,500,ql,5113.4010955714475,-48.86598904428553
1,pre_base_500,pre_base,500,momentum,7746.466571577443,-22.535334284225573
1,pre_base_500,pre_base,500,random,6236.825705894742,-37.63174294105258
2,pre_base_500,pre_base,500,ql,5363.555077978843,-46.364449220211576
2,pre_base_500,pre_base,500,momentum,7939.666465358377,-20.603335346416234
2,pre_base_500,pre_base,500,random,6521.885884853569,-34.78114115146431
3,pre_base_500,pre_base,500,ql,5620.837160588272,-43.79162839411728
3,pre_base_500,pre_base,500,momentum,9331.394585111682,-6.686054148883176
3,pre_base_500,pre_base,500,random,6337.550125067537,-36.62449874932463
4,pre_base_500,pre_base,500,ql,4754.503214542914,-52.45496785457086
4,pre_base_500,pre_base,500,momentum,8086.85754529007,-19.131424547099297
4,pre_base_500,pre_base,500,random,6583.139288224428,-34.16860711775572
5,pre_base_500,pre_base,500,ql,6584.773634760608,-34.15226365239392
5,pre_base_500,pre_base,500,momentum,8415.878653786544,-15.841213462134565
5,pre_base_500,pre_base,500,random,6370.913144662198,-36.290868553378026
6,pre_base_500,pre_base,500,ql,6353.27303277519,-36.4672696722481
6,pre_base_500,pre_base,500,momentum,8254.86695458047,-17.451330454195304
6,pre_base_500,pre_base,500,random,6673.230870613746,-33.26769129386253
7,pre_base_500,pre_base,500,ql,4679.093064973378,-53.20906935026622
7,pre_base_500,pre_base,500,momentum,7817.136528517685,-21.828634714823146
7,pre_base_500,pre_base,500,random,6539.765352823343,-34.602346471766566
8,pre_base_500,pre_base,500,ql,6301.174122225652,-36.988258777743475
8,pre_base_500,pre_base,500,momentum,7449.681427189912,-25.50318572810088
8,pre_base_500,pre_base,500,random,6338.447327665119,-36.615526723348815
9,pre_base_500,pre_base,500,ql,6470.668105587042,-35.29331894412958
9,pre_base_500,pre_base,500,momentum,8517.190167954599,-14.82809832045401
9,pre_base_500,pre_base,500,random,6631.14826839709,-33.6885173160291
10,pre_base_500,pre_base,500,ql,4462.328065516785,-55.37671934483215
10,pre_base_500,pre_base,500,momentum,8561.882229886169,-14.381177701138313
10,pre_base_500,pre_base,500,random,6113.782766760333,-38.86217233239667
11,pre_base_500,pre_base,500,ql,4648.107904909201,-53.51892095090798
11,pre_base_500,pre_base,500,momentum,8406.913353693142,-15.930866463068577
11,pre_base_500,pre_base,500,random,5810.462362641184,-41.895376373588164
12,pre_base_500,pre_base,500,ql,6527.558168157291,-34.72441831842709
12,pre_base_500,pre_base,500,momentum,9131.548685588876,-8.684513144111243
12,pre_base_500,pre_base,500,random,6312.089828035982,-36.87910171964018
13,pre_base_500,pre_base,500,ql,6551.894623999773,-34.48105376000227
13,pre_base_500,pre_base,500,momentum,7892.778837284972,-21.07221162715028
13,pre_base_500,pre_base,500,random,6144.431480637593,-38.555685193624065
14,pre_base_500,pre_base,500,ql,5407.504383597192,-45.92495616402808
14,pre_base_500,pre_base,500,momentum,8605.575068343802,-13.944249316561981
14,pre_base_500,pre_base,500,random,6401.617402064928,-35.98382597935072
15,pre_base_500,pre_base,500,ql,5761.093017908836,-42.38906982091164
15,pre_base_500,pre_base,500,momentum,8448.275920840668,-15.517240791593322
15,pre_base_500,pre_base,500,random,6920.250192921636,-30.79749807078364
16,pre_base_500,pre_base,500,ql,5569.644911617738,-44.303550883822616
16,pre_base_500,pre_base,500,momentum,8495.483273662316,-15.045167263376843
16,pre_base_500,pre_base,500,random,6701.3178288842855,-32.98682171115715
17,pre_base_500,pre_base,500,ql,5624.885363490095,-43.751146365099046
17,pre_base_500,pre_base,500,momentum,9412.307840701149,-5.87692159298851
17,pre_base_500,pre_base,500,random,6823.930959350289,-31.760690406497105
18,pre_base_500,pre_base,500,ql,6965.035470673411,-30.349645293265894
18,pre_base_500,pre_base,500,momentum,8275.886896816659,-17.24113103183341
18,pre_base_500,pre_base,500,random,6641.8837484132055,-33.581162515867945
19,pre_base_500,pre_base,500,ql,5806.599560122458,-41.93400439877542
19,pre_base_500,pre_base,500,momentum,7736.702805314589,-22.632971946854113
19,pre_base_500,pre_base,500,random,6368.840783745549,-36.311592162544514
20,pre_base_500,pre_base,500,ql,5658.849337978737,-43.411506620212634
20,pre_base_500,pre_base,500,momentum,9259.541189481773,-7.404588105182265
20,pre_base_500,pre_base,500,random,6804.49356883093,-31.955064311690702
21,pre_base_500,pre_base,500,ql,6460.123379885781,-35.39876620114219
21,pre_base_500,pre_base,500,momentum,8474.815098396019,-15.251849016039815
21,pre_base_500,pre_base,500,random,6257.983904720648,-37.42016095279352
22,pre_base_500,pre_base,500,ql,6355.388053754609,-36.44611946245391
22,pre_base_500,pre_base,500,momentum,9326.36734159374,-6.736326584062608
22,pre_base_500,pre_base,500,random,6234.8492065524,-37.651507934476
23,pre_base_500,pre_base,500,ql,6625.612446450376,-33.74387553549624
23,pre_base_500,pre_base,500,momentum,8570.198490144194,-14.298015098558063
23,pre_base_500,pre_base,500,random,6207.499487112063,-37.92500512887936
24,pre_base_500,pre_base,500,ql,4820.012281684598,-51.799877183154024
24,pre_base_500,pre_base,500,momentum,8651.68997754214,-13.483100224578592
24,pre_base_500,pre_base,500,random,7279.8476645319415,-27.201523354680585
25,pre_base_500,pre_base,500,ql,5497.304674718928,-45.02695325281072
25,pre_base_500,pre_base,500,momentum,7556.001440025841,-24.439985599741593
25,pre_base_500,pre_base,500,random,6702.446994776512,-32.97553005223488
26,pre_base_500,pre_base,500,ql,5230.17970840418,-47.6982029159582
26,pre_base_500,pre_base,500,momentum,8230.445600736146,-17.69554399263854
26,pre_base_500,pre_base,500,random,6248.35601276128,-37.5164398723872
27,pre_base_500,pre_base,500,ql,6637.279791767061,-33.62720208232938
27,pre_base_500,pre_base,500,momentum,8197.736579836917,-18.022634201630826
27,pre_base_500,pre_base,500,random,6586.466933274153,-34.135330667258465
28,pre_base_500,pre_base,500,ql,5442.328988676034,-45.57671011323966
28,pre_base_500,pre_base,500,momentum,8739.940952287508,-12.600590477124916
28,pre_base_500,pre_base,500,random,5941.99458213889,-40.5800541786111
29,pre_base_500,pre_base,500,ql,6340.390019790099,-36.596099802099005
29,pre_base_500,pre_base,500,momentum,7675.43231657017,-23.2456768342983
29,pre_base_500,pre_base,500,random,6339.877673900125,-36.60122326099875
0,pre_base_1000,pre_base,1000,ql,3792.535184979623,-62.07464815020378
0,pre_base_1000,pre_base,1000,momentum,8794.433771623711,-12.055662283762885
0,pre_base_1000,pre_base,1000,random,5441.239488035032,-45.58760511964968
1,pre_base_1000,pre_base,1000,ql,3716.990174134856,-62.83009825865144
1,pre_base_1000,pre_base,1000,momentum,7989.074759453004,-20.10925240546996
1,pre_base_1000,pre_base,1000,random,5805.720314968701,-41.94279685031299
2,pre_base_1000,pre_base,1000,ql,4961.634485449221,-50.38365514550779
2,pre_base_1000,pre_base,1000,momentum,7883.195239504011,-21.16804760495989
2,pre_base_1000,pre_base,1000,random,4531.32130320964,-54.6867869679036
3,pre_base_1000,pre_base,1000,ql,3873.745379237827,-61.262546207621725
3,pre_base_1000,pre_base,1000,momentum,7684.233197521594,-23.157668024784062
3,pre_base_1000,pre_base,1000,random,4906.118261742122,-50.93881738257878
4,pre_base_1000,pre_base,1000,ql,3631.572537227052,-63.68427462772948
4,pre_base_1000,pre_base,1000,momentum,7542.166362533161,-24.57833637466839
4,pre_base_1000,pre_base,1000,random,5619.233470581833,-43.80766529418167
5,pre_base_1000,pre_base,1000,ql,4663.079336333653,-53.36920663666346
5,pre_base_1000,pre_base,1000,momentum,8570.97373144229,-14.290262685577108
5,pre_base_1000,pre_base,1000,random,5362.289924658256,-46.377100753417444
6,pre_base_1000,pre_base,1000,ql,6133.80420180342,-38.6619579819658
6,pre_base_1000,pre_base,1000,momentum,7658.431695470349,-23.41568304529651
6,pre_base_1000,pre_base,1000,random,5572.202791690946,-44.277972083090546
7,pre_base_1000,pre_base,1000,ql,5770.106943101044,-42.29893056898956
7,pre_base_1000,pre_base,1000,momentum,7022.0355878038,-29.779644121962
7,pre_base_1000,pre_base,1000,random,5364.707849591034,-46.352921504089664
8,pre_base_1000,pre_base,1000,ql,3349.4668201096088,-66.50533179890391
8,pre_base_1000,pre_base,1000,momentum,8567.45703645349,-14.325429635465097
8,pre_base_1000,pre_base,1000,random,5182.18789616421,-48.1781210383579
9,pre_base_1000,pre_base,1000,ql,5184.851851328098,-48.15148148671902
9,pre_base_1000,pre_base,1000,momentum,8487.995229844435,-15.12004770155565
9,pre_base_1000,pre_base,1000,random,5713.963400875949,-42.860365991240506
10,pre_base_1000,pre_base,1000,ql,4631.159897608778,-53.68840102391222
10,pre_base_1000,pre_base,1000,momentum,7800.747750764935,-21.992522492350655
10,pre_base_1000,pre_base,1000,random,5329.480396566283,-46.70519603433717
11,pre_base_1000,pre_base,1000,ql,2927.7718433256273,-70.72228156674373
11,pre_base_1000,pre_base,1000,momentum,7172.959590975784,-28.270404090242163
11,pre_base_1000,pre_base,1000,random,5061.646242817009,-49.38353757182991
12,pre_base_1000,pre_base,1000,ql,4067.695036182761,-59.323049638172385
12,pre_base_1000,pre_base,1000,momentum,7892.185661653808,-21.07814338346192
12,pre_base_1000,pre_base,1000,random,5223.973708846135,-47.760262911538646
13,pre_base_1000,pre_base,1000,ql,5010.97977756622,-49.8902022243378
13,pre_base_1000,pre_base,1000,momentum,8079.516186420161,-19.20483813579839
13,pre_base_1000,pre_base,1000,random,6212.363913300441,-37.87636086699559
14,pre_base_1000,pre_base,1000,ql,5160.783090445005,-48.39216909554995
14,pre_base_1000,pre_base,1000,momentum,8311.667257617235,-16.88332742382765
14,pre_base_1000,pre_base,1000,random,6052.352830144088,-39.476471698559116
15,pre_base_1000,pre_base,1000,ql,5468.626628185971,-45.31373371814029
15,pre_base_1000,pre_base,1000,momentum,8122.633948861424,-18.77366051138576
15,pre_base_1000,pre_base,1000,random,5280.291756308662,-47.19708243691338
16,pre_base_1000,pre_base,1000,ql,5759.031821817065,-42.40968178182935
16,pre_base_1000,pre_base,1000,momentum,7397.300523526207,-26.02699476473793
16,pre_base_1000,pre_base,1000,random,5280.1850511240045,-47.19814948875995
17,pre_base_1000,pre_base,1000,ql,4280.892647291035,-57.19107352708965
17,pre_base_1000,pre_base,1000,momentum,7809.927481149879,-21.90072518850121
17,pre_base_1000,pre_base,1000,random,4745.818528291277,-52.54181471708723
18,pre_base_1000,pre_base,1000,ql,4057.5073258021293,-59.42492674197871
18,pre_base_1000,pre_base,1000,momentum,7099.442000316296,-29.005579996837042
18,pre_base_1000,pre_base,1000,random,5191.4075850357,-48.085924149643
19,pre_base_1000,pre_base,1000,ql,3069.7203168873343,-69.30279683112666
19,pre_base_1000,pre_base,1000,momentum,7689.589925618376,-23.104100743816243
19,pre_base_1000,pre_base,1000,random,5097.348019847463,-49.026519801525374
20,pre_base_1000,pre_base,1000,ql,5277.854888601181,-47.22145111398819
20,pre_base_1000,pre_base,1000,momentum,8420.734566269817,-15.792654337301828
20,pre_base_1000,pre_base,1000,random,4731.986262940573,-52.68013737059427
21,pre_base_1000,pre_base,1000,ql,3385.435619426698,-66.14564380573302
21,pre_base_1000,pre_base,1000,momentum,7867.888289996364,-21.321117100036364
21,pre_base_1000,pre_base,1000,random,5540.483268770756,-44.59516731229244
22,pre_base_1000,pre_base,1000,ql,4199.12539932392,-58.0087460067608
22,pre_base_1000,pre_base,1000,momentum,8371.38246955403,-16.286175304459704
22,pre_base_1000,pre_base,1000,random,5218.964516451303,-47.81035483548697
23,pre_base_1000,pre_base,1000,ql,4471.2749157357375,-55.28725084264263
23,pre_base_1000,pre_base,1000,momentum,7515.010365626405,-24.849896343735953
23,pre_base_1000,pre_base,1000,random,5266.217580509809,-47.33782419490191
24,pre_base_1000,pre_base,1000,ql,4891.67165989983,-51.0832834010017
24,pre_base_1000,pre_base,1000,momentum,7303.789604111729,-26.962103958882707
24,pre_base_1000,pre_base,1000,random,5806.285913049379,-41.93714086950621
25,pre_base_1000,pre_base,1000,ql,4752.122850702706,-52.47877149297294
25,pre_base_1000,pre_base,1000,momentum,8856.836005200368,-11.431639947996318
25,pre_base_1000,pre_base,1000,random,5301.270299342904,-46.98729700657096
26,pre_base_1000,pre_base,1000,ql,6181.24170370305,-38.1875829629695
26,pre_base_1000,pre_base,1000,momentum,8066.425814365934,-19.335741856340665
26,pre_base_1000,pre_base,1000,random,4614.599451608648,-53.85400548391352
27,pre_base_1000,pre_base,1000,ql,4029.608049466445,-59.70391950533554
27,pre_base_1000,pre_base,1000,momentum,8326.814179206469,-16.73185820793531
27,pre_base_1000,pre_base,1000,random,5019.281589385645,-49.80718410614355
28,pre_base_1000,pre_base,1000,ql,4605.407380836729,-53.94592619163271
28,pre_base_1000,pre_base,1000,momentum,7907.86397059424,-20.921360294057603
28,pre_base_1000,pre_base,1000,random,5301.835035155706,-46.981649648442946
29,pre_base_1000,pre_base,1000,ql,5550.774044585349,-44.492259554146514
29,pre_base_1000,pre_base,1000,momentum,7847.010702989783,-21.529892970102175
29,pre_base_1000,pre_base,1000,random,4601.556847594918,-53.98443152405083
0,pre_base_2000,pre_base,2000,ql,1961.0106373914966,-80.38989362608503
0,pre_base_2000,pre_base,2000,momentum,7823.571464717264,-21.764285352827365
0,pre_base_2000,pre_base,2000,random,2863.189622462363,-71.36810377537637
1,pre_base_2000,pre_base,2000,ql,2395.9829500065925,-76.04017049993408
1,pre_base_2000,pre_base,2000,momentum,7264.329379744912,-27.35670620255088
1,pre_base_2000,pre_base,2000,random,3767.793663479845,-62.32206336520156
2,pre_base_2000,pre_base,2000,ql,2645.114203726322,-73.54885796273679
2,pre_base_2000,pre_base,2000,momentum,6868.467001026476,-31.315329989735236
2,pre_base_2000,pre_base,2000,random,2359.606316837527,-76.40393683162472
3,pre_base_2000,pre_base,2000,ql,1536.2570022912703,-84.63742997708731
3,pre_base_2000,pre_base,2000,momentum,6918.478840880161,-30.815211591198384
3,pre_base_2000,pre_base,2000,random,2967.02132264172,-70.3297867735828
4,pre_base_2000,pre_base,2000,ql,2166.628795486624,-78.33371204513377
4,pre_base_2000,pre_base,2000,momentum,6251.928749811312,-37.480712501886885
4,pre_base_2000,pre_base,2000,random,3182.7777902348657,-68.17222209765134
5,pre_base_2000,pre_base,2000,ql,2814.8186232550274,-71.85181376744973
5,pre_base_2000,pre_base,2000,momentum,7949.73455836923,-20.502654416307696
5,pre_base_2000,pre_base,2000,random,2588.495745909979,-74.11504254090022
6,pre_base_2000,pre_base,2000,ql,3407.3033291586403,-65.9269667084136
6,pre_base_2000,pre_base,2000,momentum,7053.216703355444,-29.467832966445556
6,pre_base_2000,pre_base,2000,random,4194.550594960668,-58.05449405039332
7,pre_base_2000,pre_base,2000,ql,4166.340156947571,-58.33659843052429
7,pre_base_2000,pre_base,2000,momentum,6526.407372907978,-34.73592627092022
7,pre_base_2000,pre_base,2000,random,2996.301607229576,-70.03698392770424
8,pre_base_2000,pre_base,2000,ql,849.0279223848873,-91.50972077615114
8,pre_base_2000,pre_base,2000,momentum,7850.582948819208,-21.494170511807923
8,pre_base_2000,pre_base,2000,random,3148.4338380197787,-68.51566161980222
9,pre_base_2000,pre_base,2000,ql,3164.1987019278704,-68.3580129807213
9,pre_base_2000,pre_base,2000,momentum,7589.297438717629,-24.10702561282371
9,pre_base_2000,pre_base,2000,random,3669.9109841241057,-63.30089015875894
10,pre_base_2000,pre_base,2000,ql,2444.5107864243396,-75.5548921357566
10,pre_base_2000,pre_base,2000,momentum,7029.477395100826,-29.705226048991744
10,pre_base_2000,pre_base,2000,random,3307.853852310776,-66.92146147689223
11,pre_base_2000,pre_base,2000,ql,1291.1211544839623,-87.08878845516037
11,pre_base_2000,pre_base,2000,momentum,7235.445960657347,-27.645540393426526
11,pre_base_2000,pre_base,2000,random,2993.1026902321423,-70.06897309767857
12,pre_base_2000,pre_base,2000,ql,1704.1349925030447,-82.95865007496955
12,pre_base_2000,pre_base,2000,momentum,6976.531513101201,-30.234684868987987
12,pre_base_2000,pre_base,2000,random,3750.1834286374838,-62.49816571362517
13,pre_base_2000,pre_base,2000,ql,2859.2545013941535,-71.40745498605847
13,pre_base_2000,pre_base,2000,momentum,7476.573541697413,-25.23426458302587
13,pre_base_2000,pre_base,2000,random,4055.809024641766,-59.44190975358234
14,pre_base_2000,pre_base,2000,ql,2955.5676466841146,-70.44432353315887
14,pre_base_2000,pre_base,2000,momentum,7397.9157536722005,-26.020842463277994
14,pre_base_2000,pre_base,2000,random,3576.8444415736094,-64.2315555842639
15,pre_base_2000,pre_base,2000,ql,3625.666806379005,-63.743331936209955
15,pre_base_2000,pre_base,2000,momentum,7288.18305329149,-27.1181694670851
15,pre_base_2000,pre_base,2000,random,3457.6337866891768,-65.42366213310822
16,pre_base_2000,pre_base,2000,ql,3706.4959887578434,-62.93504011242157
16,pre_base_2000,pre_base,2000,momentum,6557.898190233836,-34.42101809766164
16,pre_base_2000,pre_base,2000,random,2759.999218907903,-72.40000781092097
17,pre_base_2000,pre_base,2000,ql,2019.2592300304002,-79.807407699696
17,pre_base_2000,pre_base,2000,momentum,6928.784148842338,-30.712158511576618
17,pre_base_2000,pre_base,2000,random,2484.0831231688735,-75.15916876831126
18,pre_base_2000,pre_base,2000,ql,1742.234212221111,-82.5776578777889
18,pre_base_2000,pre_base,2000,momentum,6096.46962535672,-39.0353037464328
18,pre_base_2000,pre_base,2000,random,3029.5510214028104,-69.70448978597189
19,pre_base_2000,pre_base,2000,ql,1753.838658674801,-82.46161341325198
19,pre_base_2000,pre_base,2000,momentum,7674.99433875684,-23.2500566124316
19,pre_base_2000,pre_base,2000,random,3286.1000609984635,-67.13899939001536
20,pre_base_2000,pre_base,2000,ql,2984.3925592141045,-70.15607440785897
20,pre_base_2000,pre_base,2000,momentum,7694.596578787251,-23.05403421212749
20,pre_base_2000,pre_base,2000,random,2600.1124061757287,-73.9988759382427
21,pre_base_2000,pre_base,2000,ql,2337.498469286863,-76.62501530713138
21,pre_base_2000,pre_base,2000,momentum,8164.814680754205,-18.35185319245795
21,pre_base_2000,pre_base,2000,random,3286.6080733727636,-67.13391926627237
22,pre_base_2000,pre_base,2000,ql,2759.917412510545,-72.40082587489455
22,pre_base_2000,pre_base,2000,momentum,7788.572268043205,-22.114277319567947
22,pre_base_2000,pre_base,2000,random,3273.8210715917385,-67.26178928408261
23,pre_base_2000,pre_base,2000,ql,2127.2762307042353,-78.72723769295764
23,pre_base_2000,pre_base,2000,momentum,7015.779350429983,-29.842206495700164
23,pre_base_2000,pre_base,2000,random,3053.9574928590623,-69.46042507140938
24,pre_base_2000,pre_base,2000,ql,3051.7238667568126,-69.48276133243188
24,pre_base_2000,pre_base,2000,momentum,6243.531789475282,-37.564682105247186
24,pre_base_2000,pre_base,2000,random,3326.7701965201013,-66.73229803479899
25,pre_base_2000,pre_base,2000,ql,2157.560374113117,-78.42439625886882
25,pre_base_2000,pre_base,2000,momentum,8739.761701420606,-12.602382985793938
25,pre_base_2000,pre_base,2000,random,3074.41759628712,-69.2558240371288
26,pre_base_2000,pre_base,2000,ql,4301.520748220837,-56.98479251779163
26,pre_base_2000,pre_base,2000,momentum,7240.520090138598,-27.594799098614022
26,pre_base_2000,pre_base,2000,random,2634.5249075371335,-73.65475092462866
27,pre_base_2000,pre_base,2000,ql,2011.2414767667344,-79.88758523233265
27,pre_base_2000,pre_base,2000,momentum,7159.337401706277,-28.40662598293723
27,pre_base_2000,pre_base,2000,random,3206.217384201027,-67.93782615798973
28,pre_base_2000,pre_base,2000,ql,1942.7662362932836,-80.57233763706716
28,pre_base_2000,pre_base,2000,momentum,7228.341927096099,-27.716580729039006
28,pre_base_2000,pre_base,2000,random,3608.1625672478776,-63.91837432752122
29,pre_base_2000,pre_base,2000,ql,3965.703785799771,-60.342962142002285
29,pre_base_2000,pre_base,2000,momentum,6659.915142968786,-33.400848570312135
29,pre_base_2000,pre_base,2000,random,2710.9483306649963,-72.89051669335004
0,pre_high_500,pre_high,500,ql,5767.779131149431,-42.32220868850569
0,pre_high_500,pre_high,500,momentum,8481.191204311855,-15.188087956881445
0,pre_high_500,pre_high,500,random,6379.317400657636,-36.206825993423635
1,pre_high_500,pre_high,500,ql,6202.670862237328,-37.97329137762672
1,pre_high_500,pre_high,500,momentum,7827.323536038855,-21.726764639611446
1,pre_high_500,pre_high,500,random,6093.787305346766,-39.062126946532345
2,pre_high_500,pre_high,500,ql,6188.544055415554,-38.11455944584446
2,pre_high_500,pre_high,500,momentum,8496.321903248114,-15.036780967518862
2,pre_high_500,pre_high,500,random,6582.873312181695,-34.17126687818305
3,pre_high_500,pre_high,500,ql,5941.054221402841,-40.58945778597159
3,pre_high_500,pre_high,500,momentum,9357.502091347978,-6.424979086520215
3,pre_high_500,pre_high,500,random,6924.8432537724175,-30.751567462275826
4,pre_high_500,pre_high,500,ql,6469.147137362165,-35.30852862637835
4,pre_high_500,pre_high,500,momentum,8466.06874635907,-15.339312536409306
4,pre_high_500,pre_high,500,random,7038.503330193996,-29.614966698060044
5,pre_high_500,pre_high,500,ql,5526.484177533704,-44.73515822466297
5,pre_high_500,pre_high,500,momentum,8560.304173799683,-14.396958262003173
5,pre_high_500,pre_high,500,random,6462.110910993084,-35.37889089006916
6,pre_high_500,pre_high,500,ql,6911.349228785422,-30.886507712145775
6,pre_high_500,pre_high,500,momentum,7827.390477947315,-21.72609522052685
6,pre_high_500,pre_high,500,random,6735.984519993328,-32.64015480006672
7,pre_high_500,pre_high,500,ql,5252.090883302755,-47.479091166972445
7,pre_high_500,pre_high,500,momentum,7476.099624700581,-25.239003752994186
7,pre_high_500,pre_high,500,random,6127.858520207359,-38.72141479792641
8,pre_high_500,pre_high,500,ql,6375.748963324021,-36.24251036675979
8,pre_high_500,pre_high,500,momentum,8606.283619934107,-13.937163800658928
8,pre_high_500,pre_high,500,random,6442.617781012173,-35.57382218987827
9,pre_high_500,pre_high,500,ql,6775.060439147845,-32.24939560852155
9,pre_high_500,pre_high,500,momentum,8382.970716733253,-16.170292832667474
9,pre_high_500,pre_high,500,random,6380.840149711404,-36.19159850288597
10,pre_high_500,pre_high,500,ql,6019.85086829789,-39.8014913170211
10,pre_high_500,pre_high,500,momentum,9315.856224115518,-6.8414377588448225
10,pre_high_500,pre_high,500,random,6278.733887426769,-37.21266112573231
11,pre_high_500,pre_high,500,ql,5953.143353558902,-40.468566464410976
11,pre_high_500,pre_high,500,momentum,8274.95072726995,-17.250492727300497
11,pre_high_500,pre_high,500,random,6262.7476861469095,-37.37252313853091
12,pre_high_500,pre_high,500,ql,5780.11242323463,-42.198875767653696
12,pre_high_500,pre_high,500,momentum,7890.500360896692,-21.09499639103308
12,pre_high_500,pre_high,500,random,6567.433903266529,-34.325660967334706
13,pre_high_500,pre_high,500,ql,6049.237646294505,-39.507623537054954
13,pre_high_500,pre_high,500,momentum,8520.764493213634,-14.792355067863664
13,pre_high_500,pre_high,500,random,6328.089020854072,-36.719109791459275
14,pre_high_500,pre_high,500,ql,5526.329544620921,-44.73670455379079
14,pre_high_500,pre_high,500,momentum,9107.655779190005,-8.92344220809995
14,pre_high_500,pre_high,500,random,6886.332746757558,-31.136672532424416
15,pre_high_500,pre_high,500,ql,5990.161522328694,-40.098384776713054
15,pre_high_500,pre_high,500,momentum,7901.54663761843,-20.984533623815697
15,pre_high_500,pre_high,500,random,6487.2467175069105,-35.127532824930896
16,pre_high_500,pre_high,500,ql,6617.326197169916,-33.826738028300845
16,pre_high_500,pre_high,500,momentum,8476.5613670928,-15.234386329072004
16,pre_high_500,pre_high,500,random,6531.642441869889,-34.68357558130111
17,pre_high_500,pre_high,500,ql,5905.81478300532,-40.9418521699468
17,pre_high_500,pre_high,500,momentum,9061.542270396643,-9.384577296033568
17,pre_high_500,pre_high,500,random,7410.088583148223,-25.899114168517773
18,pre_high_500,pre_high,500,ql,6702.4248736688605,-32.975751263311395
18,pre_high_500,pre_high,500,momentum,8815.507642038723,-11.844923579612768
18,pre_high_500,pre_high,500,random,6695.822112303475,-33.04177887696525
19,pre_high_500,pre_high,500,ql,6188.088026119123,-38.11911973880877
19,pre_high_500,pre_high,500,momentum,8499.453333765237,-15.005466662347626
19,pre_high_500,pre_high,500,random,6845.677124525618,-31.543228754743822
20,pre_high_500,pre_high,500,ql,6555.029140239962,-34.449708597600385
20,pre_high_500,pre_high,500,momentum,8886.426413107365,-11.13573586892635
20,pre_high_500,pre_high,500,random,6903.076381409947,-30.969236185900527
21,pre_high_500,pre_high,500,ql,5621.7326338538405,-43.782673661461594
21,pre_high_500,pre_high,500,momentum,9139.464280122404,-8.605357198775964
21,pre_high_500,pre_high,500,random,6201.2240126075785,-37.98775987392421
22,pre_high_500,pre_high,500,ql,6744.883263763099,-32.55116736236901
22,pre_high_500,pre_high,500,momentum,8787.429516572227,-12.12570483427773
22,pre_high_500,pre_high,500,random,6979.754838137058,-30.20245161862942
23,pre_high_500,pre_high,500,ql,5873.2107725236965,-41.267892274763035
23,pre_high_500,pre_high,500,momentum,9094.36684421793,-9.056331557820704
23,pre_high_500,pre_high,500,random,5920.209186935182,-40.79790813064818
24,pre_high_500,pre_high,500,ql,6275.745709543603,-37.24254290456397
24,pre_high_500,pre_high,500,momentum,8402.547287465357,-15.97452712534643
24,pre_high_500,pre_high,500,random,6970.012741641702,-30.29987258358298
25,pre_high_500,pre_high,500,ql,5419.773893078166,-45.80226106921834
25,pre_high_500,pre_high,500,momentum,8908.009745748277,-10.91990254251723
25,pre_high_500,pre_high,500,random,6347.8834791924155,-36.52116520807584
26,pre_high_500,pre_high,500,ql,5737.367382220917,-42.62632617779084
26,pre_high_500,pre_high,500,momentum,8466.027272527544,-15.339727274724556
26,pre_high_500,pre_high,500,random,6681.358610174312,-33.18641389825688
27,pre_high_500,pre_high,500,ql,5080.260822078998,-49.19739177921002
27,pre_high_500,pre_high,500,momentum,8629.98749384425,-13.7001250615575
27,pre_high_500,pre_high,500,random,6759.828849448535,-32.40171150551465
28,pre_high_500,pre_high,500,ql,5188.119118378744,-48.11880881621256
28,pre_high_500,pre_high,500,momentum,8103.761074381947,-18.962389256180533
28,pre_high_500,pre_high,500,random,6149.4304616958425,-38.50569538304158
29,pre_high_500,pre_high,500,ql,6979.667430702182,-30.20332569297818
29,pre_high_500,pre_high,500,momentum,8106.256572297491,-18.937434277025087
29,pre_high_500,pre_high,500,random,6525.528782553264,-34.74471217446736
0,pre_high_1000,pre_high,1000,ql,3538.1286500703723,-64.61871349929628
0,pre_high_1000,pre_high,1000,momentum,8265.814258281282,-17.341857417187185
0,pre_high_1000,pre_high,1000,random,5081.1113196008855,-49.188886803991146
1,pre_high_1000,pre_high,1000,ql,3603.0310108836247,-63.96968989116375
1,pre_high_1000,pre_high,1000,momentum,8338.744936936482,-16.612550630635177
1,pre_high_1000,pre_high,1000,random,5570.238985793014,-44.297610142069864
2,pre_high_1000,pre_high,1000,ql,4556.973615466553,-54.430263845334466
2,pre_high_1000,pre_high,1000,momentum,8245.866074188381,-17.541339258116185
2,pre_high_1000,pre_high,1000,random,5154.04214081983,-48.4595785918017
3,pre_high_1000,pre_high,1000,ql,4368.077469938933,-56.31922530061067
3,pre_high_1000,pre_high,1000,momentum,7707.934062166021,-22.92065937833979
3,pre_high_1000,pre_high,1000,random,5159.918930767206,-48.400810692327944
4,pre_high_1000,pre_high,1000,ql,4257.861541242444,-57.42138458757556
4,pre_high_1000,pre_high,1000,momentum,7959.877551828364,-20.401224481716362
4,pre_high_1000,pre_high,1000,random,5636.607388698569,-43.63392611301431
5,pre_high_1000,pre_high,1000,ql,3456.4571769026225,-65.43542823097377
5,pre_high_1000,pre_high,1000,momentum,7849.351858779706,-21.506481412202938
5,pre_high_1000,pre_high,1000,random,5326.66628660864,-46.7333371339136
6,pre_high_1000,pre_high,1000,ql,4491.604808641716,-55.083951913582844
6,pre_high_1000,pre_high,1000,momentum,7769.61241239726,-22.303875876027394
6,pre_high_1000,pre_high,1000,random,5280.859978970436,-47.19140021029564
7,pre_high_1000,pre_high,1000,ql,4567.9289877957235,-54.32071012204276
7,pre_high_1000,pre_high,1000,momentum,8805.154673745068,-11.94845326254932
7,pre_high_1000,pre_high,1000,random,4999.022137965624,-50.00977862034376
8,pre_high_1000,pre_high,1000,ql,6464.604368262769,-35.353956317372315
8,pre_high_1000,pre_high,1000,momentum,7979.0294330694605,-20.209705669305393
8,pre_high_1000,pre_high,1000,random,5129.961865620568,-48.70038134379433
9,pre_high_1000,pre_high,1000,ql,4978.948417100244,-50.21051582899756
9,pre_high_1000,pre_high,1000,momentum,8400.357087458087,-15.996429125419127
9,pre_high_1000,pre_high,1000,random,5195.291034559223,-48.04708965440777
10,pre_high_1000,pre_high,1000,ql,4901.192681021772,-50.988073189782284
10,pre_high_1000,pre_high,1000,momentum,8637.463554857535,-13.625364451424648
10,pre_high_1000,pre_high,1000,random,4591.361046096355,-54.08638953903645
11,pre_high_1000,pre_high,1000,ql,4402.083956637185,-55.97916043362815
11,pre_high_1000,pre_high,1000,momentum,8019.889011347031,-19.801109886529694
11,pre_high_1000,pre_high,1000,random,5187.645790887871,-48.12354209112129
12,pre_high_1000,pre_high,1000,ql,5521.718670701229,-44.78281329298771
12,pre_high_1000,pre_high,1000,momentum,8555.663157352092,-14.443368426479083
12,pre_high_1000,pre_high,1000,random,4995.433945000304,-50.04566054999695
13,pre_high_1000,pre_high,1000,ql,3955.5048595522358,-60.44495140447764
13,pre_high_1000,pre_high,1000,momentum,8805.542542959996,-11.944574570400036
13,pre_high_1000,pre_high,1000,random,5820.797704946285,-41.792022950537145
14,pre_high_1000,pre_high,1000,ql,4488.804799619152,-55.11195200380848
14,pre_high_1000,pre_high,1000,momentum,8104.676080918534,-18.953239190814656
14,pre_high_1000,pre_high,1000,random,5191.971791300227,-48.080282086997734
15,pre_high_1000,pre_high,1000,ql,4418.236622954105,-55.817633770458954
15,pre_high_1000,pre_high,1000,momentum,7499.641000257845,-25.00358999742155
15,pre_high_1000,pre_high,1000,random,5080.2584563491755,-49.197415436508244
16,pre_high_1000,pre_high,1000,ql,5567.157918868794,-44.328420811312064
16,pre_high_1000,pre_high,1000,momentum,7185.89387574672,-28.141061242532796
16,pre_high_1000,pre_high,1000,random,5378.004088571096,-46.21995911428904
17,pre_high_1000,pre_high,1000,ql,3710.9490346424136,-62.89050965357586
17,pre_high_1000,pre_high,1000,momentum,8491.371959187818,-15.08628040812182
17,pre_high_1000,pre_high,1000,random,4538.131486965367,-54.61868513034633
18,pre_high_1000,pre_high,1000,ql,3672.985404837641,-63.27014595162359
18,pre_high_1000,pre_high,1000,momentum,8022.3547413031365,-19.776452586968635
18,pre_high_1000,pre_high,1000,random,4957.00676093963,-50.429932390603696
19,pre_high_1000,pre_high,1000,ql,5492.608859472625,-45.07391140527375
19,pre_high_1000,pre_high,1000,momentum,8432.713842841738,-15.672861571582617
19,pre_high_1000,pre_high,1000,random,5771.053326869141,-42.28946673130859
20,pre_high_1000,pre_high,1000,ql,4892.38073281868,-51.076192671813196
20,pre_high_1000,pre_high,1000,momentum,8309.220240077819,-16.907797599221812
20,pre_high_1000,pre_high,1000,random,5436.895629210441,-45.631043707895586
21,pre_high_1000,pre_high,1000,ql,4359.797415340465,-56.40202584659535
21,pre_high_1000,pre_high,1000,momentum,7965.847175673334,-20.34152824326666
21,pre_high_1000,pre_high,1000,random,5411.676651483777,-45.88323348516223
22,pre_high_1000,pre_high,1000,ql,3897.737162012979,-61.02262837987021
22,pre_high_1000,pre_high,1000,momentum,7226.506945511852,-27.734930544881482
22,pre_high_1000,pre_high,1000,random,5524.838485552225,-44.751615144477746
23,pre_high_1000,pre_high,1000,ql,3833.065720555295,-61.669342794447054
23,pre_high_1000,pre_high,1000,momentum,7569.196271929889,-24.30803728070111
23,pre_high_1000,pre_high,1000,random,5457.245710975805,-45.427542890241945
24,pre_high_1000,pre_high,1000,ql,4905.863583558368,-50.94136416441632
24,pre_high_1000,pre_high,1000,momentum,7414.6610498622,-25.853389501377997
24,pre_high_1000,pre_high,1000,random,5491.099689978867,-45.08900310021133
25,pre_high_1000,pre_high,1000,ql,4327.663317483857,-56.72336682516143
25,pre_high_1000,pre_high,1000,momentum,7785.231639066972,-22.14768360933028
25,pre_high_1000,pre_high,1000,random,4870.358813831235,-51.296411861687645
26,pre_high_1000,pre_high,1000,ql,3848.369942196986,-61.51630057803014
26,pre_high_1000,pre_high,1000,momentum,7987.201216996264,-20.127987830037362
26,pre_high_1000,pre_high,1000,random,6088.59414227681,-39.1140585772319
27,pre_high_1000,pre_high,1000,ql,5283.15094268595,-47.168490573140495
27,pre_high_1000,pre_high,1000,momentum,8068.535694152349,-19.314643058476513
27,pre_high_1000,pre_high,1000,random,4844.261558020179,-51.55738441979821
28,pre_high_1000,pre_high,1000,ql,4489.044926496,-55.10955073504
28,pre_high_1000,pre_high,1000,momentum,7639.639177558382,-23.603608224416185
28,pre_high_1000,pre_high,1000,random,5098.072206832885,-49.01927793167115
29,pre_high_1000,pre_high,1000,ql,4725.94723982202,-52.7405276017798
29,pre_high_1000,pre_high,1000,momentum,8649.211834528218,-13.50788165471782
29,pre_high_1000,pre_high,1000,random,5214.050086191376,-47.85949913808624
0,pre_high_2000,pre_high,2000,ql,1261.0173416098355,-87.38982658390165
0,pre_high_2000,pre_high,2000,momentum,6989.252086003525,-30.107479139964752
0,pre_high_2000,pre_high,2000,random,2918.743581982339,-70.81256418017661
1,pre_high_2000,pre_high,2000,ql,1894.8293623512145,-81.05170637648786
1,pre_high_2000,pre_high,2000,momentum,7635.07846597655,-23.649215340234495
1,pre_high_2000,pre_high,2000,random,3768.355865509611,-62.316441344903886
2,pre_high_2000,pre_high,2000,ql,1890.408008203538,-81.09591991796462
2,pre_high_2000,pre_high,2000,momentum,7047.082995903894,-29.529170040961063
2,pre_high_2000,pre_high,2000,random,3518.9961956353613,-64.81003804364639
3,pre_high_2000,pre_high,2000,ql,3018.0912105864763,-69.81908789413524
3,pre_high_2000,pre_high,2000,momentum,7360.8599076053015,-26.391400923946986
3,pre_high_2000,pre_high,2000,random,3154.646455531954,-68.45353544468045
4,pre_high_2000,pre_high,2000,ql,2589.840331910398,-74.10159668089602
4,pre_high_2000,pre_high,2000,momentum,7532.350516224434,-24.676494837755662
4,pre_high_2000,pre_high,2000,random,3079.1993118556425,-69.20800688144358
5,pre_high_2000,pre_high,2000,ql,1745.2928318080674,-82.54707168191933
5,pre_high_2000,pre_high,2000,momentum,6999.673312025298,-30.003266879747017
5,pre_high_2000,pre_high,2000,random,3207.4593850622296,-67.92540614937771
6,pre_high_2000,pre_high,2000,ql,2570.226952211475,-74.29773047788525
6,pre_high_2000,pre_high,2000,momentum,7161.638529087288,-28.383614709127123
6,pre_high_2000,pre_high,2000,random,3360.7497365071617,-66.39250263492839
7,pre_high_2000,pre_high,2000,ql,2136.948511066559,-78.6305148893344
7,pre_high_2000,pre_high,2000,momentum,8215.409618454172,-17.84590381545828
7,pre_high_2000,pre_high,2000,random,2945.2035681737907,-70.54796431826209
8,pre_high_2000,pre_high,2000,ql,3496.7848359967957,-65.03215164003204
8,pre_high_2000,pre_high,2000,momentum,7803.602622816691,-21.96397377183309
8,pre_high_2000,pre_high,2000,random,3162.7783578127937,-68.37221642187207
9,pre_high_2000,pre_high,2000,ql,2039.6504464138711,-79.6034955358613
9,pre_high_2000,pre_high,2000,momentum,7458.753705481273,-25.412462945187272
9,pre_high_2000,pre_high,2000,random,3096.2725541922155,-69.03727445807785
10,pre_high_2000,pre_high,2000,ql,2696.51041453857,-73.03489585461429
10,pre_high_2000,pre_high,2000,momentum,7916.745576319107,-20.832544236808925
10,pre_high_2000,pre_high,2000,random,2882.2696683970203,-71.17730331602979
11,pre_high_2000,pre_high,2000,ql,1647.618694481476,-83.52381305518524
11,pre_high_2000,pre_high,2000,momentum,7269.703887007287,-27.302961129927127
11,pre_high_2000,pre_high,2000,random,2839.7968035204976,-71.60203196479502
12,pre_high_2000,pre_high,2000,ql,2800.591472719118,-71.99408527280883
12,pre_high_2000,pre_high,2000,momentum,8170.181626364365,-18.29818373635635
12,pre_high_2000,pre_high,2000,random,2723.8205230143944,-72.76179476985607
13,pre_high_2000,pre_high,2000,ql,1831.7180160207718,-81.68281983979229
13,pre_high_2000,pre_high,2000,momentum,7319.251166852242,-26.80748833147758
13,pre_high_2000,pre_high,2000,random,2875.2639884175023,-71.24736011582497
14,pre_high_2000,pre_high,2000,ql,2546.1048449905816,-74.53895155009418
14,pre_high_2000,pre_high,2000,momentum,7917.451389336934,-20.82548610663066
14,pre_high_2000,pre_high,2000,random,3681.1300268692166,-63.188699731307835
15,pre_high_2000,pre_high,2000,ql,2349.668855958411,-76.50331144041589
15,pre_high_2000,pre_high,2000,momentum,6818.888628594765,-31.811113714052354
15,pre_high_2000,pre_high,2000,random,2963.8265755647476,-70.36173424435252
16,pre_high_2000,pre_high,2000,ql,2841.7928108902247,-71.58207189109775
16,pre_high_2000,pre_high,2000,momentum,7438.273712875538,-25.61726287124462
16,pre_high_2000,pre_high,2000,random,3525.429823091948,-64.74570176908051
17,pre_high_2000,pre_high,2000,ql,1957.335124486756,-80.42664875513243
17,pre_high_2000,pre_high,2000,momentum,7760.6184261380295,-22.393815738619704
17,pre_high_2000,pre_high,2000,random,2459.3938808844036,-75.40606119115597
18,pre_high_2000,pre_high,2000,ql,1818.4686573390861,-81.81531342660914
18,pre_high_2000,pre_high,2000,momentum,7693.688753431558,-23.063112465684416
18,pre_high_2000,pre_high,2000,random,3170.0912947293996,-68.299087052706
19,pre_high_2000,pre_high,2000,ql,2928.831467022794,-70.71168532977207
19,pre_high_2000,pre_high,2000,momentum,7343.637279462412,-26.56362720537588
19,pre_high_2000,pre_high,2000,random,3665.2310846846253,-63.34768915315375
20,pre_high_2000,pre_high,2000,ql,2363.7274013345404,-76.3627259866546
20,pre_high_2000,pre_high,2000,momentum,7512.168548812213,-24.87831451187787
20,pre_high_2000,pre_high,2000,random,3106.4357052017754,-68.93564294798225
21,pre_high_2000,pre_high,2000,ql,1866.323380216069,-81.33676619783931
21,pre_high_2000,pre_high,2000,momentum,7723.9142941440805,-22.760857058559196
21,pre_high_2000,pre_high,2000,random,2904.717794496712,-70.95282205503288
22,pre_high_2000,pre_high,2000,ql,1621.9611792781493,-83.78038820721851
22,pre_high_2000,pre_high,2000,momentum,7505.18539387679,-24.9481460612321
22,pre_high_2000,pre_high,2000,random,3437.366923433079,-65.62633076566921
23,pre_high_2000,pre_high,2000,ql,1768.7226432874254,-82.31277356712575
23,pre_high_2000,pre_high,2000,momentum,7177.184160364439,-28.22815839635561
23,pre_high_2000,pre_high,2000,random,3888.513114601178,-61.11486885398822
24,pre_high_2000,pre_high,2000,ql,3158.684745420845,-68.41315254579155
24,pre_high_2000,pre_high,2000,momentum,6824.754100656008,-31.752458993439923
24,pre_high_2000,pre_high,2000,random,3461.8863146795197,-65.38113685320481
25,pre_high_2000,pre_high,2000,ql,1878.5336607342686,-81.21466339265731
25,pre_high_2000,pre_high,2000,momentum,7846.846309590099,-21.531536904099013
25,pre_high_2000,pre_high,2000,random,3112.652810638673,-68.87347189361327
26,pre_high_2000,pre_high,2000,ql,2279.35579619581,-77.2064420380419
26,pre_high_2000,pre_high,2000,momentum,7562.088033769125,-24.37911966230875
26,pre_high_2000,pre_high,2000,random,4245.416763370227,-57.54583236629773
27,pre_high_2000,pre_high,2000,ql,2193.9328208352686,-78.06067179164731
27,pre_high_2000,pre_high,2000,momentum,6811.861012257942,-31.881389877420578
27,pre_high_2000,pre_high,2000,random,2956.3847053414843,-70.43615294658515
28,pre_high_2000,pre_high,2000,ql,2282.673128472324,-77.17326871527675
28,pre_high_2000,pre_high,2000,momentum,7159.217599529311,-28.40782400470689
28,pre_high_2000,pre_high,2000,random,3575.264926746764,-64.24735073253235
29,pre_high_2000,pre_high,2000,ql,1967.9695108700462,-80.32030489129954
29,pre_high_2000,pre_high,2000,momentum,8408.628479883682,-15.913715201163177
29,pre_high_2000,pre_high,2000,random,3319.9545067578265,-66.80045493242173
