trial,volatility,agent,wealth,return_pct
0,0.2,random,6385.917884163105,-36.14082115836895
0,0.2,career,10886.72143397961,8.867214339796101
0,0.2,trend,7172.431204537321,-28.275687954626793
0,0.2,genre,10000.0,0.0
0,0.2,mean_rev,8395.3209223789,-16.046790776211
0,0.2,loyalty,9785.846295011077,-2.1415370498892297
0,0.2,value,9234.050600972509,-7.659493990274914
0,0.2,momentum,8352.854347080112,-16.471456529198875
0,0.2,adaptive,8401.320785137937,-15.986792148620625
0,0.2,hybrid,16592.010335622144,65.92010335622145
0,0.2,q_learning,4361.269544598936,-56.38730455401064
1,0.2,random,6673.856089941799,-33.26143910058201
1,0.2,career,10224.806347554091,2.2480634755409117
1,0.2,trend,7457.43645617634,-25.425635438236604
1,0.2,genre,10000.0,0.0
1,0.2,mean_rev,11156.503074616296,11.565030746162956
1,0.2,loyalty,9648.30951798552,-3.5169048201447914
1,0.2,value,9059.24843924121,-9.407515607587902
1,0.2,momentum,8353.376894187153,-16.466231058128468
1,0.2,adaptive,8272.508078990995,-17.274919210090047
1,0.2,hybrid,15647.425025444685,56.47425025444685
1,0.2,q_learning,3675.2365295942045,-63.24763470405796
2,0.2,random,6606.787048144925,-33.932129518550745
2,0.2,career,10533.81136272304,5.3381136272303955
2,0.2,trend,5784.566627018687,-42.15433372981313
2,0.2,genre,10000.0,0.0
2,0.2,mean_rev,8546.14444464195,-14.5385555535805
2,0.2,loyalty,9480.72675865844,-5.192732413415597
2,0.2,value,9306.659278232468,-6.933407217675321
2,0.2,momentum,8768.367075402783,-12.316329245972174
2,0.2,adaptive,7862.655014385526,-21.373449856144745
2,0.2,hybrid,15887.223470320034,58.87223470320034
2,0.2,q_learning,2942.947186785879,-70.5705281321412
3,0.2,random,6262.047086523538,-37.37952913476462
3,0.2,career,9234.66717484702,-7.653328251529802
3,0.2,trend,5381.65788269347,-46.1834211730653
3,0.2,genre,10000.0,0.0
3,0.2,mean_rev,9420.293187822095,-5.797068121779048
3,0.2,loyalty,9524.22873741406,-4.757712625859403
3,0.2,value,9230.713296729455,-7.692867032705453
3,0.2,momentum,8722.977524383828,-12.770224756161715
3,0.2,adaptive,8968.676436854268,-10.313235631457319
3,0.2,hybrid,15312.176657896602,53.12176657896602
3,0.2,q_learning,3180.4561454476357,-68.19543854552364
4,0.2,random,6446.546521306024,-35.53453478693976
4,0.2,career,10148.506746278685,1.4850674627868465
4,0.2,trend,5993.824114239154,-40.06175885760845
4,0.2,genre,10000.0,0.0
4,0.2,mean_rev,9249.06302671591,-7.509369732840896
4,0.2,loyalty,9726.907729103477,-2.7309227089652266
4,0.2,value,9470.106544817076,-5.298934551829243
4,0.2,momentum,8228.676542579407,-17.713234574205927
4,0.2,adaptive,8087.7985550052745,-19.122014449947255
4,0.2,hybrid,15808.184102220941,58.08184102220941
4,0.2,q_learning,3874.944438888154,-61.250555611118465
5,0.2,random,5895.130652782878,-41.048693472171216
5,0.2,career,9979.9874204941,-0.2001257950589934
5,0.2,trend,7122.248647452293,-28.77751352547707
5,0.2,genre,10000.0,0.0
5,0.2,mean_rev,8592.825020493587,-14.071749795064134
5,0.2,loyalty,9590.000752092132,-4.099992479078683
5,0.2,value,9497.465455032701,-5.025345449672987
5,0.2,momentum,8377.366601976451,-16.226333980235484
5,0.2,adaptive,7282.272212902973,-27.177277870970276
5,0.2,hybrid,15419.500142504572,54.19500142504572
5,0.2,q_learning,3880.890513376228,-61.19109486623773
6,0.2,random,6108.1771721761925,-38.918228278238075
6,0.2,career,9101.855508170831,-8.981444918291691
6,0.2,trend,5859.56633134531,-41.404336686546905
6,0.2,genre,10000.0,0.0
6,0.2,mean_rev,8306.847608017155,-16.93152391982845
6,0.2,loyalty,9524.415152095558,-4.755848479044416
6,0.2,value,8370.730232227772,-16.29269767772228
6,0.2,momentum,8701.516729484187,-12.984832705158134
6,0.2,adaptive,8060.016630961107,-19.39983369038893
6,0.2,hybrid,15411.63529931321,54.1163529931321
6,0.2,q_learning,3155.116647714222,-68.44883352285778
7,0.2,random,7027.637896935932,-29.72362103064068
7,0.2,career,10043.382294764942,0.4338229476494234
7,0.2,trend,6303.045211434756,-36.96954788565244
7,0.2,genre,10000.0,0.0
7,0.2,mean_rev,9173.17009445772,-8.268299055422794
7,0.2,loyalty,9561.220401619217,-4.387795983807828
7,0.2,value,8905.56884584892,-10.944311541510796
7,0.2,momentum,7928.649772581179,-20.71350227418821
7,0.2,adaptive,7533.445278875378,-24.66554721124622
7,0.2,hybrid,16725.300680173656,67.25300680173656
7,0.2,q_learning,3693.3937902424623,-63.066062097575376
8,0.2,random,6312.989272665797,-36.87010727334203
8,0.2,career,10137.237070386427,1.3723707038642714
8,0.2,trend,6786.554183914505,-32.13445816085495
8,0.2,genre,10000.0,0.0
8,0.2,mean_rev,9819.433243003565,-1.805667569964353
8,0.2,loyalty,9504.554398706654,-4.95445601293346
8,0.2,value,10185.726718071803,1.8572671807180268
8,0.2,momentum,8261.540157379659,-17.38459842620341
8,0.2,adaptive,7638.191138436989,-23.618088615630114
8,0.2,hybrid,15739.024087716294,57.39024087716294
8,0.2,q_learning,3223.507368264255,-67.76492631735745
9,0.2,random,6593.49386567625,-34.0650613432375
9,0.2,career,9449.955621610445,-5.500443783895553
9,0.2,trend,7526.133677112767,-24.73866322887233
9,0.2,genre,10000.0,0.0
9,0.2,mean_rev,9500.76283774442,-4.992371622555802
9,0.2,loyalty,9858.01998910536,-1.4198001089464014
9,0.2,value,9720.828684175749,-2.79171315824251
9,0.2,momentum,7989.535501913683,-20.104644980863167
9,0.2,adaptive,7532.036786382206,-24.679632136177943
9,0.2,hybrid,15849.871503368217,58.49871503368217
9,0.2,q_learning,3649.000760995589,-63.50999239004411
10,0.2,random,6612.6948339653,-33.873051660347
10,0.2,career,11750.57488689904,17.505748868990395
10,0.2,trend,6353.746961649134,-36.46253038350866
10,0.2,genre,10000.0,0.0
10,0.2,mean_rev,8710.814387951514,-12.891856120484864
10,0.2,loyalty,9485.367181438061,-5.146328185619386
10,0.2,value,9491.125161127875,-5.0887483887212515
10,0.2,momentum,8350.071840755969,-16.499281592440312
10,0.2,adaptive,7838.535256782807,-21.61464743217193
10,0.2,hybrid,15487.889669824624,54.878896698246244
10,0.2,q_learning,3192.4876753577005,-68.07512324642299
11,0.2,random,6301.640066852296,-36.983599331477045
11,0.2,career,8935.886808259895,-10.641131917401053
11,0.2,trend,6946.052897137827,-30.53947102862173
11,0.2,genre,10000.0,0.0
11,0.2,mean_rev,8775.606834970054,-12.243931650299455
11,0.2,loyalty,9814.876755262889,-1.8512324473711124
11,0.2,value,9705.641424196272,-2.9435857580372793
11,0.2,momentum,7991.421069109863,-20.08578930890137
11,0.2,adaptive,7050.715787750882,-29.492842122491183
11,0.2,hybrid,16563.15027200761,65.6315027200761
11,0.2,q_learning,4280.335710039227,-57.19664289960773
12,0.2,random,6764.322965693266,-32.35677034306734
12,0.2,career,8954.33928423086,-10.456607157691396
12,0.2,trend,6060.781122248516,-39.39218877751484
12,0.2,genre,10000.0,0.0
12,0.2,mean_rev,8985.334888930493,-10.146651110695075
12,0.2,loyalty,9701.420085526219,-2.9857991447378116
12,0.2,value,8783.876895922669,-12.161231040773309
12,0.2,momentum,7786.919247523768,-22.13080752476232
12,0.2,adaptive,7733.7194669816245,-22.662805330183755
12,0.2,hybrid,15684.995368166996,56.84995368166996
12,0.2,q_learning,3335.081721645998,-66.64918278354001
13,0.2,random,5969.942153498633,-40.30057846501367
13,0.2,career,9210.834313769214,-7.891656862307864
13,0.2,trend,5258.614792965849,-47.413852070341505
13,0.2,genre,10000.0,0.0
13,0.2,mean_rev,9650.028235980193,-3.4997176401980687
13,0.2,loyalty,9583.834365024453,-4.161656349755467
13,0.2,value,8945.249775435852,-10.54750224564148
13,0.2,momentum,8133.2567262489265,-18.667432737510737
13,0.2,adaptive,7795.653604517877,-22.043463954821227
13,0.2,hybrid,15576.596219989342,55.76596219989342
13,0.2,q_learning,3227.69062798117,-67.7230937201883
14,0.2,random,6258.690189524522,-37.41309810475478
14,0.2,career,9108.969726046971,-8.91030273953029
14,0.2,trend,5897.463369283771,-41.025366307162294
14,0.2,genre,10000.0,0.0
14,0.2,mean_rev,8521.39497157209,-14.7860502842791
14,0.2,loyalty,9565.790170461514,-4.342098295384858
14,0.2,value,9104.972608525515,-8.950273914744848
14,0.2,momentum,7664.845961513015,-23.35154038486985
14,0.2,adaptive,7019.756009567295,-29.80243990432705
14,0.2,hybrid,14776.341325036938,47.763413250369375
14,0.2,q_learning,3509.208324647152,-64.90791675352848
15,0.2,random,6368.416109086628,-36.31583890913372
15,0.2,career,10831.231491955123,8.312314919551227
15,0.2,trend,4624.981525179615,-53.75018474820385
15,0.2,genre,10000.0,0.0
15,0.2,mean_rev,8156.50848478827,-18.434915152117302
15,0.2,loyalty,9681.50674544468,-3.1849325455532016
15,0.2,value,9330.654919636638,-6.693450803633623
15,0.2,momentum,7919.658489683954,-20.80341510316046
15,0.2,adaptive,7989.90502786749,-20.100949721325097
15,0.2,hybrid,16015.75211979348,60.157521197934805
15,0.2,q_learning,4012.37929813791,-59.876207018620896
16,0.2,random,6265.099905320406,-37.34900094679594
16,0.2,career,9133.853658498398,-8.661463415016023
16,0.2,trend,7191.826686558217,-28.081733134417828
16,0.2,genre,10000.0,0.0
16,0.2,mean_rev,8792.873804184559,-12.071261958154409
16,0.2,loyalty,9731.594398535619,-2.684056014643811
16,0.2,value,9495.830733820021,-5.041692661799789
16,0.2,momentum,8602.515340212325,-13.974846597876748
16,0.2,adaptive,8489.324648576345,-15.106753514236551
16,0.2,hybrid,15347.426374214063,53.47426374214063
16,0.2,q_learning,4126.48808384772,-58.735119161522796
17,0.2,random,6307.384607955862,-36.926153920441386
17,0.2,career,9096.042944239676,-9.039570557603238
17,0.2,trend,6383.8433273329265,-36.161566726670735
17,0.2,genre,10000.0,0.0
17,0.2,mean_rev,8527.072500143731,-14.729274998562687
17,0.2,loyalty,9679.057086572255,-3.2094291342774524
17,0.2,value,8952.706347350906,-10.472936526490939
17,0.2,momentum,8462.461573018054,-15.37538426981946
17,0.2,adaptive,8840.399707180733,-11.596002928192666
17,0.2,hybrid,15308.251817984745,53.08251817984745
17,0.2,q_learning,4773.530817741018,-52.26469182258982
18,0.2,random,6863.725306025338,-31.36274693974662
18,0.2,career,10221.025929395908,2.2102592939590795
18,0.2,trend,6418.252416379237,-35.817475836207635
18,0.2,genre,10000.0,0.0
18,0.2,mean_rev,8379.105662047868,-16.208943379521315
18,0.2,loyalty,9480.571405055747,-5.194285949442528
18,0.2,value,9391.832287130255,-6.081677128697447
18,0.2,momentum,7507.393250825082,-24.92606749174918
18,0.2,adaptive,6989.029623896947,-30.10970376103053
18,0.2,hybrid,14562.292540072682,45.622925400726814
18,0.2,q_learning,3610.3130617028655,-63.896869382971346
19,0.2,random,6585.602794950196,-34.14397205049804
19,0.2,career,9977.809538812702,-0.2219046118729784
19,0.2,trend,6444.001053911575,-35.55998946088425
19,0.2,genre,10000.0,0.0
19,0.2,mean_rev,9325.854693273814,-6.7414530672618636
19,0.2,loyalty,9521.665640293324,-4.78334359706676
19,0.2,value,9532.765968301246,-4.672340316987539
19,0.2,momentum,8337.997713335,-16.620022866649997
19,0.2,adaptive,8168.585033374425,-18.31414966625575
19,0.2,hybrid,15990.81192602511,59.9081192602511
19,0.2,q_learning,3082.4879953069076,-69.17512004693093
20,0.2,random,6208.360392031526,-37.91639607968474
20,0.2,career,8602.750403420354,-13.972495965796462
20,0.2,trend,6062.63105699327,-39.373689430067294
20,0.2,genre,10000.0,0.0
20,0.2,mean_rev,9981.230801046604,-0.1876919895339597
20,0.2,loyalty,9495.527493590642,-5.044725064093582
20,0.2,value,9281.106922968813,-7.188930770311872
20,0.2,momentum,8539.956873599196,-14.600431264008039
20,0.2,adaptive,8574.817190248918,-14.251828097510824
20,0.2,hybrid,15736.963153284465,57.36963153284465
20,0.2,q_learning,2801.2395844240436,-71.98760415575957
21,0.2,random,6445.219598951851,-35.547804010481485
21,0.2,career,11369.336735762186,13.693367357621865
21,0.2,trend,4948.28339725069,-50.517166027493104
21,0.2,genre,10000.0,0.0
21,0.2,mean_rev,9977.673843844614,-0.22326156155386342
21,0.2,loyalty,9682.911009080697,-3.1708899091930287
21,0.2,value,8670.97272324583,-13.290272767541701
21,0.2,momentum,8291.973759207314,-17.080262407926856
21,0.2,adaptive,8041.678529510891,-19.583214704891088
21,0.2,hybrid,15626.92596634966,56.2692596634966
21,0.2,q_learning,4391.252447516711,-56.08747552483289
22,0.2,random,6779.525315695581,-32.204746843044184
22,0.2,career,11750.230115393953,17.502301153939534
22,0.2,trend,7802.246380347056,-21.977536196529435
22,0.2,genre,10000.0,0.0
22,0.2,mean_rev,9888.18640349009,-1.1181359650990998
22,0.2,loyalty,9710.558295566765,-2.894417044332349
22,0.2,value,9968.244049129245,-0.31755950870754535
22,0.2,momentum,8430.24769840417,-15.697523015958303
22,0.2,adaptive,7702.118307957883,-22.978816920421167
22,0.2,hybrid,15484.141742476699,54.84141742476699
22,0.2,q_learning,3551.3316500201054,-64.48668349979894
23,0.2,random,6795.234007762441,-32.04765992237559
23,0.2,career,9692.021818172972,-3.0797818182702756
23,0.2,trend,6061.263603794007,-39.38736396205993
23,0.2,genre,10000.0,0.0
23,0.2,mean_rev,8937.962889838303,-10.620371101616966
23,0.2,loyalty,9566.69125593691,-4.333087440630898
23,0.2,value,9421.317879861885,-5.786821201381153
23,0.2,momentum,7989.541975862681,-20.10458024137319
23,0.2,adaptive,8246.19411585747,-17.5380588414253
23,0.2,hybrid,14382.873370197345,43.82873370197345
23,0.2,q_learning,3851.1434110336654,-61.48856588966335
24,0.2,random,6812.075485183447,-31.879245148165527
24,0.2,career,8750.506507662332,-12.494934923376677
24,0.2,trend,6727.200249616509,-32.727997503834914
24,0.2,genre,10000.0,0.0
24,0.2,mean_rev,8705.16010591178,-12.948398940882198
24,0.2,loyalty,9592.011865194247,-4.079881348057533
24,0.2,value,9342.104782213954,-6.578952177860465
24,0.2,momentum,8941.171181259551,-10.588288187404487
24,0.2,adaptive,8493.913782403131,-15.060862175968687
24,0.2,hybrid,15664.093085593666,56.64093085593666
24,0.2,q_learning,3694.7404098170723,-63.05259590182928
25,0.2,random,6104.430469624166,-38.95569530375834
25,0.2,career,10022.585461862522,0.22585461862521697
25,0.2,trend,6384.884699218142,-36.151153007818586
25,0.2,genre,10000.0,0.0
25,0.2,mean_rev,10013.189236655988,0.1318923665598777
25,0.2,loyalty,9390.970104383656,-6.090298956163442
25,0.2,value,9589.990500629037,-4.100094993709627
25,0.2,momentum,8172.041803011671,-18.279581969883292
25,0.2,adaptive,7898.202453175678,-21.017975468243222
25,0.2,hybrid,15646.736812445179,56.46736812445179
25,0.2,q_learning,3810.5028816846843,-61.89497118315316
26,0.2,random,6208.398338535765,-37.91601661464235
26,0.2,career,10793.843578438331,7.9384357843833095
26,0.2,trend,6875.5283696325605,-31.244716303674394
26,0.2,genre,10000.0,0.0
26,0.2,mean_rev,8983.383267169762,-10.16616732830238
26,0.2,loyalty,9372.273392464453,-6.277266075355474
26,0.2,value,9762.668489444412,-2.3733151055558848
26,0.2,momentum,8264.781352365548,-17.352186476344524
26,0.2,adaptive,7183.760740219577,-28.162392597804228
26,0.2,hybrid,15135.630708735769,51.35630708735769
26,0.2,q_learning,3296.5875682062338,-67.03412431793765
27,0.2,random,5789.996284181396,-42.10003715818604
27,0.2,career,11064.911577887437,10.649115778874366
27,0.2,trend,6187.676144392728,-38.12323855607272
27,0.2,genre,10000.0,0.0
27,0.2,mean_rev,9723.767749984654,-2.7623225001534593
27,0.2,loyalty,9571.461751784616,-4.285382482153836
27,0.2,value,9004.151695269711,-9.958483047302888
27,0.2,momentum,8317.318132556764,-16.82681867443236
27,0.2,adaptive,7736.195428570034,-22.63804571429966
27,0.2,hybrid,15392.93270233184,53.9293270233184
27,0.2,q_learning,3455.0827136099256,-65.44917286390074
28,0.2,random,5965.217403182873,-40.34782596817127
28,0.2,career,9828.278830539963,-1.7172116946003735
28,0.2,trend,5660.8112118972585,-43.391887881027415
28,0.2,genre,10000.0,0.0
28,0.2,mean_rev,9137.978939340403,-8.620210606595974
28,0.2,loyalty,9571.882138155412,-4.2811786184458835
28,0.2,value,9415.556467667106,-5.844435323328944
28,0.2,momentum,8403.26750721136,-15.967324927886402
28,0.2,adaptive,8572.72816198533,-14.272718380146706
28,0.2,hybrid,16732.204312460297,67.32204312460297
28,0.2,q_learning,4074.6503480699826,-59.25349651930017
29,0.2,random,6102.95781721623,-38.9704218278377
29,0.2,career,10137.931270207497,1.3793127020749671
29,0.2,trend,6753.667861813454,-32.46332138186546
29,0.2,genre,10000.0,0.0
29,0.2,mean_rev,9990.78145763538,-0.0921854236462059
29,0.2,loyalty,9667.956814091418,-3.3204318590858204
29,0.2,value,9676.692901065564,-3.23307098934436
29,0.2,momentum,7583.950200500117,-24.16049799499883
29,0.2,adaptive,7514.162661245917,-24.858373387540833
29,0.2,hybrid,15690.240270132925,56.902402701329244
29,0.2,q_learning,4214.4517100574685,-57.85548289942531
0,0.5,random,6772.051345538245,-32.27948654461755
0,0.5,career,9616.175120060025,-3.8382487993997527
0,0.5,trend,4866.645882084122,-51.333541179158786
0,0.5,genre,10000.0,0.0
0,0.5,mean_rev,9710.68811762237,-2.8931188237762946
0,0.5,loyalty,9602.743049090876,-3.972569509091245
0,0.5,value,10691.131044994012,6.91131044994012
0,0.5,momentum,9160.239978311563,-8.397600216884365
0,0.5,adaptive,8292.73673977327,-17.072632602267294
0,0.5,hybrid,16974.85753106958,69.74857531069581
0,0.5,q_learning,3321.4909877856276,-66.78509012214371
1,0.5,random,6955.208154425369,-30.44791845574631
1,0.5,career,8752.192468387662,-12.478075316123377
1,0.5,trend,5479.438667740931,-45.205613322590686
1,0.5,genre,10000.0,0.0
1,0.5,mean_rev,10119.473911735085,1.194739117350855
1,0.5,loyalty,9735.00643077922,-2.6499356922078006
1,0.5,value,10090.772745360102,0.907727453601019
1,0.5,momentum,8640.964760209194,-13.590352397908063
1,0.5,adaptive,7751.404465021588,-22.485955349784117
1,0.5,hybrid,16941.021673051808,69.41021673051807
1,0.5,q_learning,3783.1854797663796,-62.1681452023362
2,0.5,random,6791.209165450756,-32.087908345492444
2,0.5,career,9246.07118158434,-7.539288184156594
2,0.5,trend,4805.290620600057,-51.94709379399943
2,0.5,genre,10000.0,0.0
2,0.5,mean_rev,9798.141410985163,-2.01858589014837
2,0.5,loyalty,9659.474235948945,-3.4052576405105537
2,0.5,value,10260.073631956637,2.6007363195663675
2,0.5,momentum,7877.628125010405,-21.22371874989595
2,0.5,adaptive,7934.942992837203,-20.65057007162797
2,0.5,hybrid,15598.331496238243,55.98331496238243
2,0.5,q_learning,3034.271172051475,-69.65728827948526
3,0.5,random,6561.496640159103,-34.385033598408974
3,0.5,career,9644.929097691891,-3.55070902308109
3,0.5,trend,5094.4695167170175,-49.055304832829826
3,0.5,genre,10000.0,0.0
3,0.5,mean_rev,10329.610068741486,3.2961006874148553
3,0.5,loyalty,9505.716979306895,-4.942830206931048
3,0.5,value,10856.65389475139,8.566538947513909
3,0.5,momentum,8292.215914425422,-17.07784085574578
3,0.5,adaptive,7983.509050925519,-20.16490949074481
3,0.5,hybrid,16692.388108308667,66.92388108308667
3,0.5,q_learning,3612.2239810446335,-63.87776018955366
4,0.5,random,6638.651521163871,-33.61348478836129
4,0.5,career,11820.052630196113,18.200526301961126
4,0.5,trend,6122.831667455595,-38.771683325444044
4,0.5,genre,10000.0,0.0
4,0.5,mean_rev,9752.125917627449,-2.478740823725511
4,0.5,loyalty,9592.402999153694,-4.075970008463064
4,0.5,value,9227.002597946546,-7.729974020534537
4,0.5,momentum,9308.9284698692,-6.910715301307992
4,0.5,adaptive,8975.15416476486,-10.248458352351408
4,0.5,hybrid,17505.805687661352,75.05805687661352
4,0.5,q_learning,3715.464010271373,-62.84535989728627
5,0.5,random,6596.903446138035,-34.03096553861965
5,0.5,career,11511.016687667507,15.110166876675066
5,0.5,trend,4390.909606942252,-56.090903930577475
5,0.5,genre,10000.0,0.0
5,0.5,mean_rev,10989.383449398369,9.893834493983686
5,0.5,loyalty,9521.666469818987,-4.78333530181013
5,0.5,value,9427.771126469122,-5.7222887353087755
5,0.5,momentum,8379.920545379475,-16.200794546205252
5,0.5,adaptive,8025.208827892562,-19.747911721074377
5,0.5,hybrid,17233.840562878784,72.33840562878784
5,0.5,q_learning,3367.7131745298802,-66.32286825470119
6,0.5,random,6905.716003288434,-30.94283996711566
6,0.5,career,9889.204311909241,-1.1079568809075864
6,0.5,trend,4367.72490836939,-56.322750916306106
6,0.5,genre,10000.0,0.0
6,0.5,mean_rev,10590.212413874186,5.902124138741856
6,0.5,loyalty,9871.954235704628,-1.2804576429537156
6,0.5,value,10521.197103202268,5.211971032022684
6,0.5,momentum,8128.8230501350145,-18.711769498649854
6,0.5,adaptive,6892.224356648238,-31.077756433517617
6,0.5,hybrid,17694.95504035349,76.94955040353489
6,0.5,q_learning,3564.3115602886346,-64.35688439711366
7,0.5,random,6459.673659985762,-35.40326340014238
7,0.5,career,10221.249375055802,2.2124937505580236
7,0.5,trend,4513.804241353654,-54.86195758646346
7,0.5,genre,10000.0,0.0
7,0.5,mean_rev,9884.516188236052,-1.1548381176394833
7,0.5,loyalty,9488.01668392071,-5.119833160792896
7,0.5,value,10181.993700968414,1.819937009684145
7,0.5,momentum,8358.734390526051,-16.412656094739486
7,0.5,adaptive,8006.684493355126,-19.933155066448744
7,0.5,hybrid,16842.75046086829,68.42750460868291
7,0.5,q_learning,4007.4645951306293,-59.925354048693706
8,0.5,random,6163.120311911127,-38.36879688088873
8,0.5,career,11725.176901806226,17.25176901806226
8,0.5,trend,3277.786866526124,-67.22213133473876
8,0.5,genre,10000.0,0.0
8,0.5,mean_rev,9030.356432129352,-9.696435678706475
8,0.5,loyalty,9827.247424005165,-1.7275257599483484
8,0.5,value,10295.696733970379,2.956967339703788
8,0.5,momentum,8543.395743694196,-14.566042563058035
8,0.5,adaptive,7560.716626365818,-24.392833736341817
8,0.5,hybrid,16961.79273051885,69.6179273051885
8,0.5,q_learning,3672.787980742374,-63.27212019257626
9,0.5,random,6204.347284987044,-37.95652715012956
9,0.5,career,10525.53866969718,5.2553866969718
9,0.5,trend,4107.786988223264,-58.92213011776735
9,0.5,genre,10000.0,0.0
9,0.5,mean_rev,7810.521928939303,-21.894780710606973
9,0.5,loyalty,9644.380641353173,-3.5561935864682708
9,0.5,value,9735.663118132969,-2.643368818670315
9,0.5,momentum,8713.757550168486,-12.862424498315141
9,0.5,adaptive,9339.775788731778,-6.602242112682216
9,0.5,hybrid,15871.285699822449,58.71285699822449
9,0.5,q_learning,2749.9424355331757,-72.50057564466825
10,0.5,random,6071.197870611794,-39.28802129388205
10,0.5,career,9858.202304736198,-1.4179769526380186
10,0.5,trend,4285.680450790665,-57.14319549209335
10,0.5,genre,10000.0,0.0
10,0.5,mean_rev,10271.684169524882,2.7168416952488226
10,0.5,loyalty,9571.808640885378,-4.281913591146222
10,0.5,value,9879.15827359859,-1.2084172640140969
10,0.5,momentum,7923.6177554533215,-20.763822445466786
10,0.5,adaptive,7958.700918864603,-20.412990811353964
10,0.5,hybrid,16506.115741415477,65.06115741415476
10,0.5,q_learning,3463.589242315269,-65.3641075768473
11,0.5,random,5717.370855987495,-42.826291440125054
11,0.5,career,8443.19308237964,-15.568069176203608
11,0.5,trend,5489.29797167901,-45.107020283209906
11,0.5,genre,10000.0,0.0
11,0.5,mean_rev,8553.42085483711,-14.465791451628903
11,0.5,loyalty,9512.412181986903,-4.875878180130967
11,0.5,value,9222.128887055713,-7.778711129442872
11,0.5,momentum,8079.733283187997,-19.202667168120033
11,0.5,adaptive,6841.432259150145,-31.58567740849855
11,0.5,hybrid,16361.667051146178,63.61667051146178
11,0.5,q_learning,3555.4800264359087,-64.44519973564091
12,0.5,random,6020.160989075453,-39.798390109245474
12,0.5,career,10359.119326426036,3.5911932642603643
12,0.5,trend,4952.591858665125,-50.47408141334875
12,0.5,genre,10000.0,0.0
12,0.5,mean_rev,9009.308387315465,-9.906916126845353
12,0.5,loyalty,9630.698665054479,-3.6930133494552138
12,0.5,value,8794.23546049041,-12.057645395095896
12,0.5,momentum,8313.554030415067,-16.864459695849327
12,0.5,adaptive,7408.099753824031,-25.919002461759693
12,0.5,hybrid,16269.332297904937,62.69332297904937
12,0.5,q_learning,3530.478164226943,-64.69521835773057
13,0.5,random,6586.022790164206,-34.139772098357945
13,0.5,career,11517.546633126343,15.175466331263433
13,0.5,trend,4590.959511183769,-54.09040488816231
13,0.5,genre,10000.0,0.0
13,0.5,mean_rev,9373.608994360946,-6.263910056390541
13,0.5,loyalty,9690.98514902622,-3.0901485097377916
13,0.5,value,10611.747019013947,6.117470190139466
13,0.5,momentum,7836.065607313894,-21.639343926861056
13,0.5,adaptive,7023.293758892613,-29.767062411073866
13,0.5,hybrid,15041.37878122279,50.413787812227895
13,0.5,q_learning,3940.990881564124,-60.59009118435876
14,0.5,random,6525.493960093376,-34.74506039906624
14,0.5,career,11846.928248893764,18.469282488937644
14,0.5,trend,4869.2683626233675,-51.30731637376633
14,0.5,genre,10000.0,0.0
14,0.5,mean_rev,8903.014850336285,-10.969851496637148
14,0.5,loyalty,9690.779891763732,-3.0922010823626804
14,0.5,value,9373.784916736784,-6.26215083263216
14,0.5,momentum,8329.966433905252,-16.700335660947477
14,0.5,adaptive,8644.06046484009,-13.559395351599106
14,0.5,hybrid,15782.132866443648,57.82132866443648
14,0.5,q_learning,3770.6132158795126,-62.29386784120487
15,0.5,random,6355.918509212067,-36.44081490787933
15,0.5,career,10889.062800641927,8.890628006419265
15,0.5,trend,4327.02631090572,-56.7297368909428
15,0.5,genre,10000.0,0.0
15,0.5,mean_rev,9015.109593293499,-9.848904067065014
15,0.5,loyalty,9500.750967447657,-4.992490325523431
15,0.5,value,9621.304299708361,-3.7869570029163877
15,0.5,momentum,8200.466353210533,-17.995336467894667
15,0.5,adaptive,8003.060015405049,-19.96939984594951
15,0.5,hybrid,15806.390397810692,58.06390397810692
15,0.5,q_learning,3214.2318748173784,-67.85768125182622
16,0.5,random,6214.548265196466,-37.854517348035344
16,0.5,career,10553.959190342106,5.53959190342106
16,0.5,trend,4398.536811124285,-56.01463188875715
16,0.5,genre,10000.0,0.0
16,0.5,mean_rev,9287.903155731501,-7.120968442684989
16,0.5,loyalty,9503.392648798794,-4.966073512012063
16,0.5,value,9874.973497566485,-1.250265024335149
16,0.5,momentum,7774.50259224791,-22.254974077520902
16,0.5,adaptive,7876.923661386597,-21.23076338613403
16,0.5,hybrid,17468.234596124417,74.68234596124417
16,0.5,q_learning,3741.9360490281306,-62.580639509718694
17,0.5,random,6397.845749937237,-36.02154250062763
17,0.5,career,8901.553922429102,-10.984460775708976
17,0.5,trend,4935.565812357647,-50.64434187642353
17,0.5,genre,10000.0,0.0
17,0.5,mean_rev,9359.80639917823,-6.401936008217708
17,0.5,loyalty,9532.334571442938,-4.6766542855706215
17,0.5,value,9378.776944833548,-6.212230551664525
17,0.5,momentum,8256.951574899025,-17.430484251009748
17,0.5,adaptive,7739.520003046045,-22.604799969539553
17,0.5,hybrid,16503.58083504097,65.03580835040971
17,0.5,q_learning,3987.532267032275,-60.124677329677255
18,0.5,random,7131.722355432047,-28.68277644567953
18,0.5,career,10256.782314208449,2.5678231420844897
18,0.5,trend,5798.956833259627,-42.01043166740373
18,0.5,genre,10000.0,0.0
18,0.5,mean_rev,9425.108270949666,-5.748917290503341
18,0.5,loyalty,9637.641291359303,-3.6235870864069692
18,0.5,value,10244.279622350577,2.4427962235057747
18,0.5,momentum,8483.657267813,-15.163427321870003
18,0.5,adaptive,8095.900774649521,-19.040992253504793
18,0.5,hybrid,15229.024677357933,52.29024677357933
18,0.5,q_learning,5024.106158182822,-49.75893841817178
19,0.5,random,6615.527045360624,-33.844729546393765
19,0.5,career,10786.646549580993,7.866465495809934
19,0.5,trend,5011.271655680269,-49.88728344319731
19,0.5,genre,10000.0,0.0
19,0.5,mean_rev,9329.968428528502,-6.700315714714979
19,0.5,loyalty,9767.688382888211,-2.3231161711178903
19,0.5,value,11191.30484543128,11.913048454312793
19,0.5,momentum,8213.727154401593,-17.86272845598407
19,0.5,adaptive,7668.75245615892,-23.3124754384108
19,0.5,hybrid,16141.148389010603,61.41148389010603
19,0.5,q_learning,4838.104807870841,-51.61895192129159
20,0.5,random,6320.774367550102,-36.79225632449898
20,0.5,career,9057.025756738205,-9.42974243261795
20,0.5,trend,4229.029114576415,-57.70970885423585
20,0.5,genre,10000.0,0.0
20,0.5,mean_rev,9902.144249451836,-0.97855750548164
20,0.5,loyalty,9548.976589227093,-4.510234107729065
20,0.5,value,8977.491692068026,-10.225083079319738
20,0.5,momentum,9238.86986144803,-7.611301385519692
20,0.5,adaptive,8150.4850933755415,-18.495149066244586
20,0.5,hybrid,15629.61084299978,56.2961084299978
20,0.5,q_learning,3772.3983842222656,-62.27601615777734
21,0.5,random,6622.552286251648,-33.774477137483515
21,0.5,career,11119.509628295189,11.19509628295189
21,0.5,trend,4624.534542894151,-53.75465457105849
21,0.5,genre,10000.0,0.0
21,0.5,mean_rev,8526.867422618929,-14.731325773810713
21,0.5,loyalty,9593.223283081725,-4.067767169182753
21,0.5,value,9789.990180850738,-2.100098191492616
21,0.5,momentum,9290.374261700073,-7.096257382999266
21,0.5,adaptive,9013.132952723714,-9.86867047276286
21,0.5,hybrid,16800.5008588211,68.00500858821098
21,0.5,q_learning,4826.652051157081,-51.7334794884292
22,0.5,random,6497.952195241202,-35.02047804758798
22,0.5,career,9255.221820324416,-7.447781796755844
22,0.5,trend,4382.417535314301,-56.17582464685699
22,0.5,genre,10000.0,0.0
22,0.5,mean_rev,10086.332530212698,0.8633253021269774
22,0.5,loyalty,9481.782851792248,-5.1821714820775195
22,0.5,value,9407.673558250408,-5.92326441749592
22,0.5,momentum,8280.826845059564,-17.19173154940436
22,0.5,adaptive,8006.698133237799,-19.933018667622008
22,0.5,hybrid,16206.392790137375,62.06392790137375
22,0.5,q_learning,4279.83751360104,-57.2016248639896
23,0.5,random,6197.625003523788,-38.02374996476212
23,0.5,career,9076.746259244363,-9.232537407556373
23,0.5,trend,4335.596086107546,-56.64403913892453
23,0.5,genre,10000.0,0.0
23,0.5,mean_rev,10766.095076619365,7.660950766193655
23,0.5,loyalty,9447.94813486688,-5.520518651331204
23,0.5,value,9612.017510624471,-3.8798248937552855
23,0.5,momentum,8141.5444398394375,-18.584555601605626
23,0.5,adaptive,7262.726440367434,-27.372735596325654
23,0.5,hybrid,16383.100372091025,63.831003720910246
23,0.5,q_learning,3995.63184459408,-60.043681554059205
24,0.5,random,6279.800012629227,-37.20199987370773
24,0.5,career,10833.27532489008,8.332753248900808
24,0.5,trend,4646.801791578937,-53.53198208421063
24,0.5,genre,10000.0,0.0
24,0.5,mean_rev,9660.009466684085,-3.3999053331591496
24,0.5,loyalty,9629.777326830224,-3.7022267316977557
24,0.5,value,9553.455297613902,-4.465447023860979
24,0.5,momentum,8432.670888647548,-15.67329111352452
24,0.5,adaptive,8281.418562469833,-17.18581437530167
24,0.5,hybrid,16150.898135044066,61.50898135044066
24,0.5,q_learning,3999.3508887217818,-60.006491112782186
25,0.5,random,5810.541281269473,-41.89458718730527
25,0.5,career,8493.566974227382,-15.064330257726178
25,0.5,trend,5162.0519593297,-48.379480406702996
25,0.5,genre,10000.0,0.0
25,0.5,mean_rev,10017.516390310386,0.1751639031038576
25,0.5,loyalty,9559.580232249034,-4.404197677509655
25,0.5,value,10404.97875215813,4.049787521581293
25,0.5,momentum,8517.960563227127,-14.820394367728731
25,0.5,adaptive,8847.027991055265,-11.529720089447347
25,0.5,hybrid,16233.131998824974,62.331319988249746
25,0.5,q_learning,3475.625688646705,-65.24374311353294
26,0.5,random,6627.795173254762,-33.72204826745238
26,0.5,career,9993.381303436076,-0.06618696563924459
26,0.5,trend,4141.735963893709,-58.582640361062914
26,0.5,genre,10000.0,0.0
26,0.5,mean_rev,10558.00580382129,5.580058038212901
26,0.5,loyalty,9652.109156847555,-3.478908431524451
26,0.5,value,9563.142357051009,-4.368576429489913
26,0.5,momentum,8288.622796840027,-17.11377203159973
26,0.5,adaptive,7878.7953329010525,-21.212046670989476
26,0.5,hybrid,16655.434864085433,66.55434864085433
26,0.5,q_learning,4093.6663353019067,-59.063336646980936
27,0.5,random,6121.702007065572,-38.782979929344286
27,0.5,career,10803.820267466903,8.038202674669028
27,0.5,trend,4961.447739176843,-50.38552260823157
27,0.5,genre,10000.0,0.0
27,0.5,mean_rev,9089.892333412237,-9.101076665877626
27,0.5,loyalty,9649.180942281546,-3.5081905771845414
27,0.5,value,9310.553515037598,-6.894464849624018
27,0.5,momentum,8498.429988086866,-15.015700119131344
27,0.5,adaptive,7770.235614231416,-22.297643857685845
27,0.5,hybrid,16015.711749719354,60.15711749719354
27,0.5,q_learning,3828.777903499978,-61.71222096500021
28,0.5,random,6180.708831360943,-38.19291168639057
28,0.5,career,8668.522046092043,-13.314779539079574
28,0.5,trend,5009.619543394995,-49.90380456605005
28,0.5,genre,10000.0,0.0
28,0.5,mean_rev,9992.736294034366,-0.07263705965633563
28,0.5,loyalty,9549.752279710628,-4.502477202893715
28,0.5,value,9866.644103246712,-1.3335589675328812
28,0.5,momentum,8467.803527670912,-15.321964723290876
28,0.5,adaptive,7728.377869798684,-22.716221302013164
28,0.5,hybrid,17368.18313859362,73.6818313859362
28,0.5,q_learning,3089.6984207291434,-69.10301579270856
29,0.5,random,6503.323748764372,-34.96676251235628
29,0.5,career,10168.038417114421,1.6803841711442147
29,0.5,trend,5203.3280862424,-47.966719137576
29,0.5,genre,10000.0,0.0
29,0.5,mean_rev,10862.804600898071,8.628046008980709
29,0.5,loyalty,9281.642686598681,-7.183573134013186
29,0.5,value,9666.403418810742,-3.3359658118925837
29,0.5,momentum,8381.149801560492,-16.188501984395078
29,0.5,adaptive,7941.359143358483,-20.586408566415166
29,0.5,hybrid,16498.558150096025,64.98558150096025
29,0.5,q_learning,3077.9579443042408,-69.22042055695759
0,0.7,random,6184.439700009667,-38.15560299990333
0,0.7,career,9994.300331180244,-0.05699668819755971
0,0.7,trend,4066.8113041818833,-59.331886958181165
0,0.7,genre,10000.0,0.0
0,0.7,mean_rev,10210.573581272478,2.105735812724779
0,0.7,loyalty,9650.275608590397,-3.497243914096034
0,0.7,value,9683.2447314957,-3.1675526850429923
0,0.7,momentum,8307.124651963673,-16.928753480363266
0,0.7,adaptive,7910.376941887292,-20.896230581127085
0,0.7,hybrid,16426.0878856252,64.26087885625198
0,0.7,q_learning,4097.632958404992,-59.02367041595008
1,0.7,random,6392.018756157527,-36.07981243842473
1,0.7,career,9506.636840568306,-4.933631594316939
1,0.7,trend,4466.034930798598,-55.33965069201402
1,0.7,genre,10000.0,0.0
1,0.7,mean_rev,9223.140169403734,-7.7685983059626595
1,0.7,loyalty,9483.833217149837,-5.161667828501631
1,0.7,value,9811.728237837233,-1.882717621627671
1,0.7,momentum,7841.97491431338,-21.580250856866197
1,0.7,adaptive,7852.14214420879,-21.478578557912098
1,0.7,hybrid,17088.631111308026,70.88631111308027
1,0.7,q_learning,3570.3609762991096,-64.29639023700891
2,0.7,random,6838.128037723224,-31.618719622767756
2,0.7,career,10383.209854701117,3.8320985470111735
2,0.7,trend,4698.819624560129,-53.011803754398706
2,0.7,genre,10000.0,0.0
2,0.7,mean_rev,10184.268035337062,1.842680353370615
2,0.7,loyalty,9634.746452009624,-3.6525354799037633
2,0.7,value,10675.800812694759,6.758008126947589
2,0.7,momentum,8582.27698990625,-14.177230100937503
2,0.7,adaptive,7587.912602259725,-24.120873977402752
2,0.7,hybrid,16805.948907149945,68.05948907149944
2,0.7,q_learning,4056.77038982468,-59.4322961017532
3,0.7,random,6178.994557628559,-38.21005442371441
3,0.7,career,9238.760731289767,-7.612392687102329
3,0.7,trend,4780.569665496539,-52.19430334503461
3,0.7,genre,10000.0,0.0
3,0.7,mean_rev,11790.121405317183,17.901214053171824
3,0.7,loyalty,9508.517767117482,-4.914822328825176
3,0.7,value,10697.102943122572,6.971029431225725
3,0.7,momentum,8304.846100377574,-16.95153899622426
3,0.7,adaptive,8423.350125791583,-15.766498742084169
3,0.7,hybrid,17353.484987490086,73.53484987490087
3,0.7,q_learning,3106.468175208322,-68.93531824791678
4,0.7,random,6451.5864819591525,-35.48413518040847
4,0.7,career,10002.275985104263,0.022759851042628725
4,0.7,trend,4072.0350371654577,-59.279649628345425
4,0.7,genre,10000.0,0.0
4,0.7,mean_rev,9403.243243986202,-5.967567560137977
4,0.7,loyalty,9829.484294840178,-1.7051570515982166
4,0.7,value,10128.76789784973,1.287678978497297
4,0.7,momentum,8269.403445051896,-17.305965549481044
4,0.7,adaptive,7812.58928486046,-21.8741071513954
4,0.7,hybrid,15955.379451688465,59.55379451688464
4,0.7,q_learning,3767.466842350363,-62.325331576496374
5,0.7,random,6022.5469055926615,-39.77453094407338
5,0.7,career,9724.653221578246,-2.753467784217537
5,0.7,trend,3869.6942396201703,-61.303057603798294
5,0.7,genre,10000.0,0.0
5,0.7,mean_rev,10723.974989042896,7.239749890428957
5,0.7,loyalty,9588.802342060992,-4.111976579390085
5,0.7,value,10242.489577406823,2.424895774068227
5,0.7,momentum,8742.634027243688,-12.573659727563118
5,0.7,adaptive,8494.63355466048,-15.053664453395195
5,0.7,hybrid,17455.507004282626,74.55507004282626
5,0.7,q_learning,4703.331209540584,-52.96668790459417
6,0.7,random,6617.172860331004,-33.82827139668996
6,0.7,career,9970.25890830587,-0.2974109169412986
6,0.7,trend,4047.3667249574137,-59.526332750425865
6,0.7,genre,10000.0,0.0
6,0.7,mean_rev,10670.61575406921,6.706157540692093
6,0.7,loyalty,9787.226854626853,-2.127731453731467
6,0.7,value,10075.59118673303,0.7559118673303056
6,0.7,momentum,7938.114851896164,-20.618851481038362
6,0.7,adaptive,7988.259613374173,-20.11740386625827
6,0.7,hybrid,16078.891971403778,60.78891971403778
6,0.7,q_learning,3050.263996689622,-69.49736003310377
7,0.7,random,7112.2387134144265,-28.877612865855735
7,0.7,career,10102.909000665823,1.0290900066582254
7,0.7,trend,4288.87190691428,-57.1112809308572
7,0.7,genre,10000.0,0.0
7,0.7,mean_rev,9847.339490739116,-1.5266050926088428
7,0.7,loyalty,9708.538959080648,-2.9146104091935197
7,0.7,value,10080.394639899963,0.8039463989996329
7,0.7,momentum,8056.2823278997175,-19.437176721002825
7,0.7,adaptive,7742.5118354989145,-22.574881645010855
7,0.7,hybrid,17204.14909278387,72.04149092783871
7,0.7,q_learning,2711.0163937290044,-72.88983606270996
8,0.7,random,6467.018429438427,-35.32981570561573
8,0.7,career,10097.599632560994,0.97599632560994
8,0.7,trend,3816.369493458301,-61.836305065416994
8,0.7,genre,10000.0,0.0
8,0.7,mean_rev,10238.761607768838,2.3876160776883806
8,0.7,loyalty,9551.530098084617,-4.484699019153831
8,0.7,value,10601.13621120987,6.011362112098705
8,0.7,momentum,8649.714835663452,-13.502851643365483
8,0.7,adaptive,7995.317666747025,-20.046823332529748
8,0.7,hybrid,17942.52992637846,79.42529926378458
8,0.7,q_learning,3078.472792310164,-69.21527207689836
9,0.7,random,6332.518270430417,-36.67481729569583
9,0.7,career,8121.230312990081,-18.78769687009919
9,0.7,trend,4447.2283585895175,-55.52771641410482
9,0.7,genre,10000.0,0.0
9,0.7,mean_rev,9128.481332095793,-8.715186679042072
9,0.7,loyalty,9550.200807320898,-4.497991926791019
9,0.7,value,9124.025948552466,-8.759740514475343
9,0.7,momentum,8475.11868646621,-15.248813135337896
9,0.7,adaptive,7780.376421127969,-22.196235788720315
9,0.7,hybrid,16992.290299123575,69.92290299123574
9,0.7,q_learning,3383.1732841862636,-66.16826715813737
10,0.7,random,6611.362534677353,-33.88637465322647
10,0.7,career,9268.79769148911,-7.312023085108904
10,0.7,trend,4771.687179625426,-52.28312820374574
10,0.7,genre,10000.0,0.0
10,0.7,mean_rev,10841.26358727431,8.412635872743103
10,0.7,loyalty,9648.239374337421,-3.517606256625786
10,0.7,value,9729.285533623839,-2.70714466376161
10,0.7,momentum,8621.41450096712,-13.785854990328808
10,0.7,adaptive,9166.37895418598,-8.336210458140194
10,0.7,hybrid,17792.083332051425,77.92083332051425
10,0.7,q_learning,4118.697190375568,-58.81302809624432
11,0.7,random,6647.364587500433,-33.52635412499567
11,0.7,career,9044.905649679074,-9.550943503209256
11,0.7,trend,4147.643325803849,-58.52356674196151
11,0.7,genre,10000.0,0.0
11,0.7,mean_rev,11791.088318213846,17.91088318213846
11,0.7,loyalty,9677.030551891641,-3.2296944810835884
11,0.7,value,10392.284074700692,3.9228407470069215
11,0.7,momentum,8210.002557694072,-17.899974423059284
11,0.7,adaptive,7444.048727727823,-25.559512722721774
11,0.7,hybrid,16045.19755716661,60.4519755716661
11,0.7,q_learning,4280.6511388961135,-57.193488611038866
12,0.7,random,6314.455990228236,-36.85544009771764
12,0.7,career,8746.476726558036,-12.535232734419642
12,0.7,trend,5034.8827749745615,-49.65117225025438
12,0.7,genre,10000.0,0.0
12,0.7,mean_rev,9574.403723602436,-4.25596276397564
12,0.7,loyalty,9673.556605854345,-3.264433941456555
12,0.7,value,10444.836967080084,4.448369670800839
12,0.7,momentum,8332.399428630508,-16.67600571369492
12,0.7,adaptive,7818.452169249091,-21.815478307509093
12,0.7,hybrid,16915.395790411298,69.15395790411297
12,0.7,q_learning,3328.2008479303286,-66.71799152069671
13,0.7,random,6796.166906606143,-32.03833093393857
13,0.7,career,12337.31172671368,23.373117267136806
13,0.7,trend,4541.657960053434,-54.58342039946566
13,0.7,genre,10000.0,0.0
13,0.7,mean_rev,9938.749983530028,-0.6125001646997226
13,0.7,loyalty,9543.270852339972,-4.567291476600276
13,0.7,value,10031.061294226734,0.3106129422673439
13,0.7,momentum,8817.43005734244,-11.825699426575593
13,0.7,adaptive,8584.815569684508,-14.151844303154922
13,0.7,hybrid,16549.59941381557,65.4959941381557
13,0.7,q_learning,3022.6900150142346,-69.77309984985766
14,0.7,random,6743.628584666004,-32.56371415333996
14,0.7,career,10606.770168976444,6.067701689764435
14,0.7,trend,5280.484932709501,-47.195150672904994
14,0.7,genre,10000.0,0.0
14,0.7,mean_rev,9506.447029771542,-4.935529702284584
14,0.7,loyalty,9502.340962495171,-4.97659037504829
14,0.7,value,10444.369840725814,4.443698407258143
14,0.7,momentum,8569.850675785008,-14.301493242149919
14,0.7,adaptive,8409.388856275094,-15.906111437249056
14,0.7,hybrid,17580.252572997364,75.80252572997364
14,0.7,q_learning,3936.500828683855,-60.634991713161455
15,0.7,random,6461.482673189357,-35.38517326810643
15,0.7,career,10593.87147800548,5.938714780054798
15,0.7,trend,4302.789281470012,-56.97210718529988
15,0.7,genre,10000.0,0.0
15,0.7,mean_rev,11066.443135356858,10.66443135356858
15,0.7,loyalty,9492.981278100659,-5.070187218993414
15,0.7,value,9044.62484588221,-9.553751541177899
15,0.7,momentum,7925.311216354293,-20.746887836457073
15,0.7,adaptive,8512.778132089821,-14.872218679101788
15,0.7,hybrid,16212.715657345743,62.127156573457434
15,0.7,q_learning,3251.798445136634,-67.48201554863367
16,0.7,random,6985.794579967714,-30.142054200322864
16,0.7,career,9047.58585685679,-9.524141431432108
16,0.7,trend,4493.086873381134,-55.06913126618866
16,0.7,genre,10000.0,0.0
16,0.7,mean_rev,11399.862338386118,13.998623383861178
16,0.7,loyalty,9636.9386438639,-3.630613561361006
16,0.7,value,10123.806141140727,1.2380614114072706
16,0.7,momentum,8297.533680867147,-17.02466319132853
16,0.7,adaptive,7927.370539070423,-20.726294609295774
16,0.7,hybrid,17151.988680154634,71.51988680154635
16,0.7,q_learning,3831.369750858196,-61.68630249141805
17,0.7,random,7137.034360003753,-28.629656399962467
17,0.7,career,10407.972459759163,4.07972459759163
17,0.7,trend,5297.374224249288,-47.02625775750712
17,0.7,genre,10000.0,0.0
17,0.7,mean_rev,8692.296342464793,-13.077036575352068
17,0.7,loyalty,9710.659278135903,-2.8934072186409683
17,0.7,value,11372.895482471904,13.72895482471904
17,0.7,momentum,7128.642508215071,-28.713574917849293
17,0.7,adaptive,6886.2900700150585,-31.137099299849414
17,0.7,hybrid,16546.633464483737,65.46633464483737
17,0.7,q_learning,4030.162119165708,-59.698378808342916
18,0.7,random,6194.947106254464,-38.050528937455354
18,0.7,career,10246.2257386655,2.462257386655001
18,0.7,trend,4462.037801892538,-55.37962198107462
18,0.7,genre,10000.0,0.0
18,0.7,mean_rev,10174.542065463786,1.7454206546378555
18,0.7,loyalty,9551.391052165396,-4.486089478346039
18,0.7,value,9863.186551838318,-1.3681344816168166
18,0.7,momentum,8271.27587594253,-17.287241240574694
18,0.7,adaptive,8030.086604627959,-19.699133953720413
18,0.7,hybrid,17363.36974396989,73.63369743969892
18,0.7,q_learning,3478.4448334207177,-65.21555166579283
19,0.7,random,6740.278453985069,-32.59721546014931
19,0.7,career,11309.914330287473,13.099143302874728
19,0.7,trend,4122.862625399428,-58.77137374600572
19,0.7,genre,10000.0,0.0
19,0.7,mean_rev,10106.167639618989,1.061676396189887
19,0.7,loyalty,9573.883817078728,-4.261161829212724
19,0.7,value,9774.700040825366,-2.2529995917463386
19,0.7,momentum,8105.999625504533,-18.940003744954673
19,0.7,adaptive,7205.555116202411,-27.944448837975887
19,0.7,hybrid,16784.169601238165,67.84169601238165
19,0.7,q_learning,4333.176085252856,-56.66823914747144
20,0.7,random,6602.6785184873825,-33.97321481512618
20,0.7,career,10778.207009558393,7.782070095583931
20,0.7,trend,4890.586655919993,-51.09413344080007
20,0.7,genre,10000.0,0.0
20,0.7,mean_rev,9796.90749574653,-2.030925042534709
20,0.7,loyalty,9461.837239998616,-5.381627600013835
20,0.7,value,10870.99144725786,8.709914472578603
20,0.7,momentum,7845.100766601173,-21.54899233398827
20,0.7,adaptive,6392.715152962647,-36.07284847037353
20,0.7,hybrid,15826.79927083081,58.2679927083081
20,0.7,q_learning,4241.350361956034,-57.586496380439655
21,0.7,random,6183.431020021932,-38.16568979978067
21,0.7,career,10395.126233918558,3.9512623391855777
21,0.7,trend,4467.119388280293,-55.328806117197075
21,0.7,genre,10000.0,0.0
21,0.7,mean_rev,9834.170196725261,-1.6582980327473889
21,0.7,loyalty,9375.136147836436,-6.248638521635639
21,0.7,value,9956.638561094192,-0.4336143890580752
21,0.7,momentum,8166.748017507843,-18.332519824921572
21,0.7,adaptive,7720.712233676212,-22.792877663237878
21,0.7,hybrid,16437.16451767277,64.37164517672768
21,0.7,q_learning,3825.6004263863892,-61.743995736136114
22,0.7,random,6880.054924839628,-31.199450751603717
22,0.7,career,8319.979435072923,-16.800205649270776
22,0.7,trend,4570.4828973123,-54.295171026877
22,0.7,genre,10000.0,0.0
22,0.7,mean_rev,10266.796875183489,2.6679687518348874
22,0.7,loyalty,9619.704908204409,-3.8029509179559136
22,0.7,value,8917.275024642262,-10.82724975357738
22,0.7,momentum,8225.073348858068,-17.749266511419318
22,0.7,adaptive,7288.8147346749465,-27.111852653250534
22,0.7,hybrid,16517.42962871371,65.17429628713711
22,0.7,q_learning,3126.7649369091228,-68.73235063090877
23,0.7,random,5987.3668496375985,-40.126331503624016
23,0.7,career,9919.32363984919,-0.8067636015081007
23,0.7,trend,4122.099111433739,-58.779008885662606
23,0.7,genre,10000.0,0.0
23,0.7,mean_rev,8872.902052200054,-11.270979477999463
23,0.7,loyalty,9570.319441657131,-4.296805583428686
23,0.7,value,9585.536556112176,-4.144634438878239
23,0.7,momentum,8749.135353181036,-12.508646468189635
23,0.7,adaptive,8353.02763824798,-16.469723617520195
23,0.7,hybrid,17523.838919080248,75.23838919080248
23,0.7,q_learning,3602.920816010489,-63.97079183989511
24,0.7,random,6546.003451344656,-34.539965486553434
24,0.7,career,10299.852841605769,2.9985284160576886
24,0.7,trend,4516.142394847071,-54.83857605152929
24,0.7,genre,10000.0,0.0
24,0.7,mean_rev,9978.113796530719,-0.21886203469281099
24,0.7,loyalty,9682.555066052322,-3.174449339476778
24,0.7,value,10164.089979663437,1.6408997966343668
24,0.7,momentum,8241.12772836001,-17.588722716399896
24,0.7,adaptive,8329.620675995748,-16.703793240042522
24,0.7,hybrid,17670.225003090498,76.70225003090498
24,0.7,q_learning,4417.790443161708,-55.82209556838292
25,0.7,random,6739.327649703177,-32.60672350296824
25,0.7,career,9744.950526790184,-2.550494732098159
25,0.7,trend,4907.4157965899985,-50.925842034100015
25,0.7,genre,10000.0,0.0
25,0.7,mean_rev,10518.264797948226,5.182647979482263
25,0.7,loyalty,9602.7314687029,-3.972685312971007
25,0.7,value,9987.682171538794,-0.12317828461205864
25,0.7,momentum,8764.825634390514,-12.35174365609486
25,0.7,adaptive,7745.857906655317,-22.541420933446833
25,0.7,hybrid,15567.629463547568,55.67629463547568
25,0.7,q_learning,3754.6627897637086,-62.45337210236292
26,0.7,random,6696.897021325399,-33.03102978674601
26,0.7,career,9182.122777038689,-8.178772229613115
26,0.7,trend,6001.83511399979,-39.981648860002096
26,0.7,genre,10000.0,0.0
26,0.7,mean_rev,10756.009100319745,7.560091003197449
26,0.7,loyalty,9580.890322431153,-4.191096775688475
26,0.7,value,9966.460328045596,-0.3353967195440418
26,0.7,momentum,8740.795631619038,-12.592043683809624
26,0.7,adaptive,7458.531445964172,-25.414685540358278
26,0.7,hybrid,16361.925338432256,63.61925338432256
26,0.7,q_learning,3265.595611121159,-67.3440438887884
27,0.7,random,6482.0802934283665,-35.17919706571634
27,0.7,career,11484.068300747142,14.840683007471416
27,0.7,trend,5019.470506909028,-49.805294930909724
27,0.7,genre,10000.0,0.0
27,0.7,mean_rev,10931.222843106267,9.312228431062668
27,0.7,loyalty,9308.04858661459,-6.9195141338541
27,0.7,value,9840.449816246188,-1.5955018375381222
27,0.7,momentum,8134.905113476615,-18.65094886523385
27,0.7,adaptive,7328.305686312221,-26.716943136877788
27,0.7,hybrid,17609.62145726925,76.09621457269252
27,0.7,q_learning,3563.608295895044,-64.36391704104955
28,0.7,random,6394.190494202953,-36.05809505797047
28,0.7,career,8880.457306066452,-11.195426939335483
28,0.7,trend,5121.621727614746,-48.78378272385254
28,0.7,genre,10000.0,0.0
28,0.7,mean_rev,7574.840914163412,-24.25159085836588
28,0.7,loyalty,9488.889214374276,-5.11110785625724
28,0.7,value,9774.858691428908,-2.2514130857109196
28,0.7,momentum,8733.916751087694,-12.66083248912306
28,0.7,adaptive,8217.924833243072,-17.820751667569276
28,0.7,hybrid,17758.755211210617,77.58755211210617
28,0.7,q_learning,2982.2661447846026,-70.17733855215398
29,0.7,random,6624.901792275776,-33.75098207724224
29,0.7,career,9911.858897506172,-0.8814110249382793
29,0.7,trend,4414.749048040169,-55.85250951959831
29,0.7,genre,10000.0,0.0
29,0.7,mean_rev,8996.833932997952,-10.031660670020482
29,0.7,loyalty,9360.51071993809,-6.394892800619109
29,0.7,value,10046.606902149866,0.46606902149866075
29,0.7,momentum,8240.236846946862,-17.59763153053138
29,0.7,adaptive,7559.351704413651,-24.406482955863495
29,0.7,hybrid,16668.21501932122,66.68215019321218
29,0.7,q_learning,3809.235762842551,-61.9076423715745
0,1.5,random,6069.329189927825,-39.30670810072175
0,1.5,career,9281.819627216024,-7.18180372783976
0,1.5,trend,4311.945498020728,-56.88054501979272
0,1.5,genre,10000.0,0.0
0,1.5,mean_rev,11467.267616267367,14.67267616267367
0,1.5,loyalty,9643.373913922047,-3.56626086077953
0,1.5,value,10367.575369463271,3.6757536946327125
0,1.5,momentum,8696.30927827807,-13.036907217219305
0,1.5,adaptive,8482.363422505367,-15.176365774946335
0,1.5,hybrid,18794.92016431096,87.94920164310959
0,1.5,q_learning,3568.1132074788015,-64.31886792521198
1,1.5,random,6333.035256512029,-36.66964743487971
1,1.5,career,9144.255248682084,-8.55744751317916
1,1.5,trend,3924.7484483675826,-60.75251551632417
1,1.5,genre,10000.0,0.0
1,1.5,mean_rev,10385.121286239691,3.8512128623969146
1,1.5,loyalty,9604.30107405327,-3.9569892594673
1,1.5,value,10927.890648341945,9.278906483419451
1,1.5,momentum,9280.572407150956,-7.194275928490442
1,1.5,adaptive,7656.195376770057,-23.43804623229943
1,1.5,hybrid,18723.734560691595,87.23734560691595
1,1.5,q_learning,3496.0166431674643,-65.03983356832536
2,1.5,random,6468.878078576431,-35.31121921423569
2,1.5,career,8654.681418089665,-13.453185819103346
2,1.5,trend,3937.5364128541332,-60.624635871458665
2,1.5,genre,10000.0,0.0
2,1.5,mean_rev,10007.795554222404,0.07795554222404462
2,1.5,loyalty,9760.16450940329,-2.3983549059670985
2,1.5,value,10923.889528273308,9.238895282733083
2,1.5,momentum,9586.80576249509,-4.131942375049094
2,1.5,adaptive,8660.595475156744,-13.394045248432558
2,1.5,hybrid,18320.158719611838,83.20158719611838
2,1.5,q_learning,3134.1240845190987,-68.65875915480902
3,1.5,random,6704.759723972,-32.95240276028
3,1.5,career,8922.118359382855,-10.778816406171446
3,1.5,trend,4117.004497335012,-58.82995502664988
3,1.5,genre,10000.0,0.0
3,1.5,mean_rev,12259.959061564214,22.599590615642136
3,1.5,loyalty,9666.230913154895,-3.3376908684510456
3,1.5,value,10101.35147107542,1.013514710754207
3,1.5,momentum,9588.980768352429,-4.110192316475714
3,1.5,adaptive,8851.993093159726,-11.480069068402736
3,1.5,hybrid,18868.749243102353,88.68749243102353
3,1.5,q_learning,3357.4631376774287,-66.42536862322571
4,1.5,random,6643.283134068671,-33.567168659313296
4,1.5,career,10766.635242275936,7.666352422759355
4,1.5,trend,3840.3738586134846,-61.59626141386516
4,1.5,genre,10000.0,0.0
4,1.5,mean_rev,12012.728299475877,20.127282994758772
4,1.5,loyalty,9676.208410713487,-3.2379158928651304
4,1.5,value,12200.295793001258,22.00295793001258
4,1.5,momentum,8766.85495651638,-12.331450434836206
4,1.5,adaptive,8427.51857922588,-15.7248142077412
4,1.5,hybrid,17226.975331653746,72.26975331653746
4,1.5,q_learning,3827.068392451382,-61.72931607548619
5,1.5,random,6797.275136782522,-32.027248632174775
5,1.5,career,10114.163260232697,1.141632602326972
5,1.5,trend,3706.996375953488,-62.93003624046512
5,1.5,genre,10000.0,0.0
5,1.5,mean_rev,10842.351640837343,8.423516408373434
5,1.5,loyalty,9513.849609934638,-4.8615039006536245
5,1.5,value,11001.936925529608,10.019369255296079
5,1.5,momentum,8228.649287896365,-17.713507121036347
5,1.5,adaptive,8244.862024788374,-17.55137975211626
5,1.5,hybrid,17715.99414951738,77.15994149517381
5,1.5,q_learning,3180.1452349275282,-68.19854765072472
6,1.5,random,6622.780263950208,-33.77219736049792
6,1.5,career,9519.07408987175,-4.809259101282496
6,1.5,trend,4223.830816854973,-57.76169183145027
6,1.5,genre,10000.0,0.0
6,1.5,mean_rev,12271.820993740877,22.718209937408773
6,1.5,loyalty,9495.854646064567,-5.041453539354333
6,1.5,value,12400.404007295141,24.004040072951412
6,1.5,momentum,9069.949809952512,-9.300501900474883
6,1.5,adaptive,7993.425366848509,-20.065746331514912
6,1.5,hybrid,18894.628516859564,88.94628516859564
6,1.5,q_learning,2946.2906938342594,-70.5370930616574
7,1.5,random,6456.47860893001,-35.4352139106999
7,1.5,career,10789.997435129715,7.899974351297151
7,1.5,trend,4593.275024559814,-54.067249754401864
7,1.5,genre,10000.0,0.0
7,1.5,mean_rev,13006.11785214809,30.061178521480905
7,1.5,loyalty,9508.295409330318,-4.9170459066968215
7,1.5,value,10718.09480875794,7.1809480875794
7,1.5,momentum,8520.401390166078,-14.795986098339217
7,1.5,adaptive,7345.5159115899605,-26.544840884100395
7,1.5,hybrid,16821.253718212007,68.21253718212007
7,1.5,q_learning,3370.428688567774,-66.29571311432227
8,1.5,random,6795.899278800618,-32.04100721199382
8,1.5,career,10308.414652955626,3.084146529556256
8,1.5,trend,4730.060027823824,-52.69939972176176
8,1.5,genre,10000.0,0.0
8,1.5,mean_rev,11535.272102582489,15.352721025824884
8,1.5,loyalty,9628.481053549885,-3.715189464501145
8,1.5,value,12184.443741044523,21.844437410445224
8,1.5,momentum,9356.757691616946,-6.432423083830545
8,1.5,adaptive,9084.038574998995,-9.159614250010055
8,1.5,hybrid,17367.678411333865,73.67678411333866
8,1.5,q_learning,2901.1591031733055,-70.98840896826694
9,1.5,random,7078.209890914697,-29.21790109085303
9,1.5,career,9075.475274569295,-9.245247254307051
9,1.5,trend,3567.6702140383095,-64.3232978596169
9,1.5,genre,10000.0,0.0
9,1.5,mean_rev,11211.057008107711,12.110570081077112
9,1.5,loyalty,9752.069533405622,-2.4793046659437823
9,1.5,value,9863.92526014865,-1.360747398513504
9,1.5,momentum,8881.948539777077,-11.180514602229232
9,1.5,adaptive,8443.435739074228,-15.56564260925772
9,1.5,hybrid,20165.577300423956,101.65577300423956
9,1.5,q_learning,3757.728529069254,-62.422714709307456
10,1.5,random,5956.998926525993,-40.43001073474007
10,1.5,career,11024.54297060683,10.245429706068299
10,1.5,trend,4056.1336312362864,-59.43866368763714
10,1.5,genre,10000.0,0.0
10,1.5,mean_rev,10220.965300318216,2.2096530031821566
10,1.5,loyalty,9632.370470230779,-3.676295297692213
10,1.5,value,12245.85651594929,22.4585651594929
10,1.5,momentum,8661.782279092364,-13.382177209076362
10,1.5,adaptive,6419.5384052275895,-35.8046159477241
10,1.5,hybrid,18649.283686720264,86.49283686720264
10,1.5,q_learning,3082.3996944500113,-69.17600305549989
11,1.5,random,6400.319099467677,-35.99680900532323
11,1.5,career,9908.888692220124,-0.9111130777987637
11,1.5,trend,3869.315615841911,-61.306843841580886
11,1.5,genre,10000.0,0.0
11,1.5,mean_rev,10636.630228123899,6.366302281238986
11,1.5,loyalty,9535.972327960008,-4.640276720399925
11,1.5,value,11352.561600849425,13.525616008494254
11,1.5,momentum,9398.650035373477,-6.0134996462652275
11,1.5,adaptive,8732.362849895548,-12.676371501044523
11,1.5,hybrid,19120.122348557445,91.20122348557445
11,1.5,q_learning,3450.3299956678843,-65.49670004332116
12,1.5,random,6549.960919020075,-34.50039080979925
12,1.5,career,9751.976488779714,-2.480235112202863
12,1.5,trend,4044.3489400675444,-59.556510599324554
12,1.5,genre,10000.0,0.0
12,1.5,mean_rev,10946.846134085952,9.468461340859522
12,1.5,loyalty,9437.419384136312,-5.625806158636879
12,1.5,value,11464.837149789008,14.648371497890075
12,1.5,momentum,8659.904534074572,-13.400954659254275
12,1.5,adaptive,8419.23669396625,-15.807633060337503
12,1.5,hybrid,16805.00603739697,68.05006037396971
12,1.5,q_learning,3804.9247878754572,-61.95075212124542
13,1.5,random,6518.576431274899,-34.81423568725101
13,1.5,career,11641.818534721428,16.418185347214276
13,1.5,trend,5073.034247612437,-49.26965752387563
13,1.5,genre,10000.0,0.0
13,1.5,mean_rev,10730.155708190516,7.301557081905157
13,1.5,loyalty,9388.29445165628,-6.1170554834371975
13,1.5,value,12922.164578242036,29.221645782420364
13,1.5,momentum,8143.553066771568,-18.564469332284315
13,1.5,adaptive,8550.729195638562,-14.492708043614384
13,1.5,hybrid,17114.65997316639,71.14659973166388
13,1.5,q_learning,3533.8623185083247,-64.66137681491675
14,1.5,random,6751.664926222746,-32.48335073777255
14,1.5,career,8980.700786379079,-10.192992136209213
14,1.5,trend,4654.2818843962805,-53.457181156037194
14,1.5,genre,10000.0,0.0
14,1.5,mean_rev,12267.205340869003,22.672053408690026
14,1.5,loyalty,9601.237646960664,-3.9876235303933574
14,1.5,value,10737.991249250446,7.379912492504463
14,1.5,momentum,10324.248169132006,3.242481691320063
14,1.5,adaptive,9854.916709506713,-1.4508329049328677
14,1.5,hybrid,18287.959895153435,82.87959895153435
14,1.5,q_learning,3900.782943596869,-60.99217056403131
15,1.5,random,6080.46258338704,-39.195374166129604
15,1.5,career,9537.879463953237,-4.62120536046763
15,1.5,trend,4504.863665670132,-54.95136334329868
15,1.5,genre,10000.0,0.0
15,1.5,mean_rev,10359.99738242654,3.5999738242653985
15,1.5,loyalty,9569.590885409345,-4.3040911459065505
15,1.5,value,10821.123467949215,8.211234679492154
15,1.5,momentum,8630.948368882482,-13.690516311175179
15,1.5,adaptive,9566.929554443597,-4.330704455564028
15,1.5,hybrid,17282.538853082173,72.82538853082173
15,1.5,q_learning,3164.9169520937694,-68.35083047906231
16,1.5,random,6097.632079930266,-39.023679200697345
16,1.5,career,10340.359311070457,3.403593110704569
16,1.5,trend,4513.225452014161,-54.867745479858385
16,1.5,genre,10000.0,0.0
16,1.5,mean_rev,10010.831098613977,0.10831098613976792
16,1.5,loyalty,9758.188552681115,-2.4181144731888526
16,1.5,value,10706.744542836625,7.067445428366245
16,1.5,momentum,8395.066785476847,-16.049332145231528
16,1.5,adaptive,7722.256318635296,-22.777436813647036
16,1.5,hybrid,18525.965026117556,85.25965026117555
16,1.5,q_learning,3649.1919387908993,-63.50808061209101
17,1.5,random,5840.512436622403,-41.59487563377597
17,1.5,career,9221.30311248055,-7.786968875194507
17,1.5,trend,4872.195233406517,-51.27804766593483
17,1.5,genre,10000.0,0.0
17,1.5,mean_rev,10244.502648710954,2.4450264871095353
17,1.5,loyalty,9593.449559060458,-4.065504409395417
17,1.5,value,11010.543503920026,10.105435039200255
17,1.5,momentum,9475.21266177739,-5.247873382226098
17,1.5,adaptive,8996.199028356279,-10.038009716437209
17,1.5,hybrid,18857.092978403205,88.57092978403205
17,1.5,q_learning,3611.555960569726,-63.88444039430274
18,1.5,random,6806.3232634257365,-31.936767365742636
18,1.5,career,10584.478315719192,5.844783157191923
18,1.5,trend,4204.783555893966,-57.95216444106034
18,1.5,genre,10000.0,0.0
18,1.5,mean_rev,11304.086462629375,13.04086462629375
18,1.5,loyalty,9560.495610836326,-4.3950438916367425
18,1.5,value,11388.078493390767,13.880784933907671
18,1.5,momentum,8698.393282044679,-13.016067179553211
18,1.5,adaptive,8776.422831271637,-12.235771687283632
18,1.5,hybrid,18554.148175414302,85.54148175414302
18,1.5,q_learning,3269.2944593930147,-67.30705540606985
19,1.5,random,6069.329306584248,-39.30670693415752
19,1.5,career,10132.221967639607,1.322219676396071
19,1.5,trend,5130.934511473641,-48.69065488526359
19,1.5,genre,10000.0,0.0
19,1.5,mean_rev,11648.504228815664,16.485042288156638
19,1.5,loyalty,9276.244270703539,-7.2375572929646115
19,1.5,value,11316.15808033866,13.161580803386606
19,1.5,momentum,9051.794914765096,-9.482050852349039
19,1.5,adaptive,8492.62867789782,-15.073713221021809
19,1.5,hybrid,18335.068465728917,83.35068465728916
19,1.5,q_learning,4132.894581521287,-58.671054184787124
20,1.5,random,6696.117410528097,-33.03882589471903
20,1.5,career,9548.149399761041,-4.518506002389586
20,1.5,trend,4482.484458332969,-55.175155416670314
20,1.5,genre,10000.0,0.0
20,1.5,mean_rev,9022.349192182606,-9.776508078173938
20,1.5,loyalty,9568.608459055587,-4.313915409444125
20,1.5,value,10557.783136103013,5.57783136103013
20,1.5,momentum,8816.210088277614,-11.837899117223861
20,1.5,adaptive,8897.639343953793,-11.023606560462067
20,1.5,hybrid,19209.66587925378,92.09665879253778
20,1.5,q_learning,3283.691298448886,-67.16308701551114
21,1.5,random,5843.028082618855,-41.56971917381146
21,1.5,career,10946.544223543067,9.465442235430674
21,1.5,trend,3643.749236646804,-63.56250763353196
21,1.5,genre,10000.0,0.0
21,1.5,mean_rev,10194.274421189732,1.942744211897316
21,1.5,loyalty,9302.248824991286,-6.977511750087142
21,1.5,value,11417.124968313601,14.171249683136011
21,1.5,momentum,9415.816847157545,-5.841831528424555
21,1.5,adaptive,9001.132666224361,-9.98867333775639
21,1.5,hybrid,18510.240537561614,85.10240537561614
21,1.5,q_learning,3256.2050941979605,-67.4379490580204
22,1.5,random,6511.218361052283,-34.887816389477166
22,1.5,career,10910.411609432027,9.10411609432027
22,1.5,trend,3823.4849368270907,-61.76515063172909
22,1.5,genre,10000.0,0.0
22,1.5,mean_rev,12227.528248406905,22.27528248406905
22,1.5,loyalty,9446.213753535498,-5.5378624646450225
22,1.5,value,11458.188992844474,14.581889928444744
22,1.5,momentum,9674.570412087127,-3.254295879128731
22,1.5,adaptive,8429.270273266824,-15.70729726733176
22,1.5,hybrid,19698.574830948146,96.98574830948147
22,1.5,q_learning,3551.83523067243,-64.4816476932757
23,1.5,random,6160.869118799495,-38.39130881200506
23,1.5,career,9367.073541307871,-6.3292645869212905
23,1.5,trend,4239.235906904143,-57.60764093095857
23,1.5,genre,10000.0,0.0
23,1.5,mean_rev,12684.306305434578,26.843063054345784
23,1.5,loyalty,9527.689768316797,-4.723102316832028
23,1.5,value,11448.098754139559,14.480987541395589
23,1.5,momentum,8786.010307795344,-12.139896922046555
23,1.5,adaptive,8205.25773378114,-17.9474226621886
23,1.5,hybrid,17597.36462927139,75.9736462927139
23,1.5,q_learning,3644.2729899643173,-63.557270100356824
24,1.5,random,6438.132400732885,-35.61867599267115
24,1.5,career,11233.18654300984,12.331865430098405
24,1.5,trend,4673.407998917127,-53.26592001082873
24,1.5,genre,10000.0,0.0
24,1.5,mean_rev,12505.080957923956,25.05080957923956
24,1.5,loyalty,9553.497861589347,-4.465021384106531
24,1.5,value,12262.341777303447,22.623417773034472
24,1.5,momentum,9427.916295510786,-5.720837044892141
24,1.5,adaptive,8715.924552505,-12.840754474950009
24,1.5,hybrid,18228.288780682724,82.28288780682723
24,1.5,q_learning,3508.9217444520727,-64.91078255547927
25,1.5,random,6325.957539958337,-36.740424600416624
25,1.5,career,11747.6869147358,17.47686914735799
25,1.5,trend,4590.271780318577,-54.097282196814234
25,1.5,genre,10000.0,0.0
25,1.5,mean_rev,10104.636070184528,1.0463607018452785
25,1.5,loyalty,9617.018950617849,-3.8298104938215145
25,1.5,value,11972.183306859715,19.721833068597153
25,1.5,momentum,9166.856012082546,-8.33143987917454
25,1.5,adaptive,9823.87558838462,-1.7612441161537935
25,1.5,hybrid,18470.10693377667,84.70106933776671
25,1.5,q_learning,3062.1012235280473,-69.37898776471953
26,1.5,random,6421.787707388591,-35.78212292611409
26,1.5,career,9541.664084487502,-4.583359155124981
26,1.5,trend,4969.292798916372,-50.30707201083628
26,1.5,genre,10000.0,0.0
26,1.5,mean_rev,11370.153431972303,13.701534319723033
26,1.5,loyalty,9636.905530148142,-3.6309446985185785
26,1.5,value,11061.864452375681,10.618644523756812
26,1.5,momentum,9420.815036837104,-5.791849631628956
26,1.5,adaptive,9146.37069064336,-8.536293093566401
26,1.5,hybrid,19654.417282796014,96.54417282796014
26,1.5,q_learning,3692.9906974923224,-63.07009302507677
27,1.5,random,7519.3446658792145,-24.806553341207856
27,1.5,career,10813.819584798573,8.138195847985735
27,1.5,trend,4294.652029724862,-57.05347970275138
27,1.5,genre,10000.0,0.0
27,1.5,mean_rev,12355.3782778697,23.553782778697006
27,1.5,loyalty,9521.562984198006,-4.784370158019938
27,1.5,value,11403.193256272905,14.031932562729052
27,1.5,momentum,9791.367992363892,-2.0863200763610803
27,1.5,adaptive,8196.369224842749,-18.03630775157251
27,1.5,hybrid,18966.53210734646,89.66532107346458
27,1.5,q_learning,4328.470023204047,-56.71529976795953
28,1.5,random,6276.548264961183,-37.23451735038817
28,1.5,career,9719.347813879282,-2.806521861207184
28,1.5,trend,4726.182622091357,-52.73817377908643
28,1.5,genre,10000.0,0.0
28,1.5,mean_rev,11208.92853731265,12.089285373126495
28,1.5,loyalty,9622.942429209337,-3.770575707906628
28,1.5,value,11993.742174457439,19.937421744574387
28,1.5,momentum,8587.39718900355,-14.1260281099645
28,1.5,adaptive,8196.655452728935,-18.033445472710646
28,1.5,hybrid,16144.175125027328,61.441751250273285
28,1.5,q_learning,3872.1358421755035,-61.27864157824497
29,1.5,random,6889.059384730743,-31.10940615269257
29,1.5,career,9656.577027370795,-3.434229726292051
29,1.5,trend,5117.593787897425,-48.824062121025754
29,1.5,genre,10000.0,0.0
29,1.5,mean_rev,11279.132997286659,12.791329972866588
29,1.5,loyalty,9451.726321846407,-5.482736781535932
29,1.5,value,11046.844866697389,10.468448666973892
29,1.5,momentum,9375.493103253091,-6.245068967469088
29,1.5,adaptive,9690.024807166194,-3.099751928338064
29,1.5,hybrid,18639.233943092717,86.39233943092717
29,1.5,q_learning,3481.5152473553794,-65.1848475264462
0,2.5,random,6936.759363596677,-30.63240636403323
0,2.5,career,10251.788889914822,2.51788889914822
0,2.5,trend,4836.4777340419505,-51.63522265958049
0,2.5,genre,10000.0,0.0
0,2.5,mean_rev,12959.790894989415,29.597908949894155
0,2.5,loyalty,9488.87761773047,-5.111223822695301
0,2.5,value,12863.10350231521,28.63103502315211
0,2.5,momentum,10111.979328679907,1.1197932867990676
0,2.5,adaptive,9153.515699699687,-8.464843003003134
0,2.5,hybrid,19886.847315712635,98.86847315712636
0,2.5,q_learning,3145.655964308103,-68.54344035691896
1,2.5,random,6631.936159761327,-33.680638402386734
1,2.5,career,10540.370776460291,5.403707764602914
1,2.5,trend,3882.2461381646026,-61.17753861835397
1,2.5,genre,10000.0,0.0
1,2.5,mean_rev,14253.729547429562,42.537295474295625
1,2.5,loyalty,9646.367349166358,-3.536326508336424
1,2.5,value,13318.176132159579,33.181761321595786
1,2.5,momentum,10034.836903994143,0.3483690399414263
1,2.5,adaptive,10322.468333353681,3.224683333536814
1,2.5,hybrid,21310.587920842165,113.10587920842164
1,2.5,q_learning,3428.97144566596,-65.71028554334039
2,2.5,random,6952.263382913109,-30.47736617086891
2,2.5,career,10651.044373599214,6.51044373599214
2,2.5,trend,4249.618436639965,-57.503815633600354
2,2.5,genre,10000.0,0.0
2,2.5,mean_rev,11879.03731601643,18.790373160164307
2,2.5,loyalty,9521.518259447581,-4.7848174055241905
2,2.5,value,12375.157258886018,23.75157258886018
2,2.5,momentum,10328.327755754864,3.283277557548645
2,2.5,adaptive,10120.722051227473,1.2072205122747255
2,2.5,hybrid,19924.660366711963,99.24660366711963
2,2.5,q_learning,4025.244279288192,-59.74755720711808
3,2.5,random,6721.254958509653,-32.78745041490347
3,2.5,career,11802.922203981017,18.029222039810175
3,2.5,trend,3813.797974881998,-61.86202025118002
3,2.5,genre,10000.0,0.0
3,2.5,mean_rev,13893.027731181808,38.93027731181808
3,2.5,loyalty,9391.661005924429,-6.083389940755715
3,2.5,value,12999.69047118806,29.996904711880596
3,2.5,momentum,9505.619051095584,-4.943809489044161
3,2.5,adaptive,9013.83419597941,-9.861658040205894
3,2.5,hybrid,18387.130701384744,83.87130701384744
3,2.5,q_learning,3513.812866737635,-64.86187133262365
4,2.5,random,6653.097697981378,-33.46902302018622
4,2.5,career,10392.067962171446,3.920679621714462
4,2.5,trend,4066.659125353097,-59.33340874646903
4,2.5,genre,10000.0,0.0
4,2.5,mean_rev,12287.564452916991,22.875644529169914
4,2.5,loyalty,9670.91834394805,-3.2908165605195063
4,2.5,value,11437.020627408043,14.370206274080429
4,2.5,momentum,8990.79884617856,-10.092011538214392
4,2.5,adaptive,8047.155681221366,-19.528443187786344
4,2.5,hybrid,17095.60338867527,70.9560338867527
4,2.5,q_learning,2885.68492295905,-71.1431507704095
5,2.5,random,5778.789138337097,-42.21210861662903
5,2.5,career,12757.559222886382,27.575592228863826
5,2.5,trend,4057.00140569569,-59.4299859430431
5,2.5,genre,10000.0,0.0
5,2.5,mean_rev,10941.61038149363,9.416103814936305
5,2.5,loyalty,9643.531824085114,-3.5646817591488618
5,2.5,value,10496.852355745828,4.968523557458284
5,2.5,momentum,9622.431491983654,-3.7756850801634574
5,2.5,adaptive,9672.137536645101,-3.2786246335489886
5,2.5,hybrid,19398.940205956475,93.98940205956474
5,2.5,q_learning,2832.091507326048,-71.67908492673952
6,2.5,random,6787.586976678706,-32.12413023321294
6,2.5,career,8916.531295618935,-10.834687043810645
6,2.5,trend,4501.386526993793,-54.98613473006207
6,2.5,genre,10000.0,0.0
6,2.5,mean_rev,14630.79638640534,46.3079638640534
6,2.5,loyalty,9702.212015123006,-2.977879848769935
6,2.5,value,12207.940368086698,22.07940368086698
6,2.5,momentum,10383.379656297795,3.83379656297795
6,2.5,adaptive,10412.213286892103,4.122132868921035
6,2.5,hybrid,19792.408558843515,97.92408558843516
6,2.5,q_learning,4404.934787644209,-55.95065212355791
7,2.5,random,6035.979491479086,-39.64020508520914
7,2.5,career,9741.479239037048,-2.5852076096295242
7,2.5,trend,4096.211517910973,-59.03788482089027
7,2.5,genre,10000.0,0.0
7,2.5,mean_rev,10705.947748645562,7.0594774864556165
7,2.5,loyalty,9648.71065056543,-3.5128934943456986
7,2.5,value,11708.374453910206,17.083744539102064
7,2.5,momentum,9614.76060705536,-3.852393929446407
7,2.5,adaptive,9058.442509666264,-9.415574903337365
7,2.5,hybrid,19489.907400543463,94.89907400543463
7,2.5,q_learning,3059.494034803351,-69.4050596519665
8,2.5,random,6127.209169704435,-38.72790830295565
8,2.5,career,7994.2540146137135,-20.057459853862866
8,2.5,trend,3816.326222276659,-61.83673777723341
8,2.5,genre,10000.0,0.0
8,2.5,mean_rev,11965.69431347346,19.656943134734593
8,2.5,loyalty,9652.030825636635,-3.479691743633648
8,2.5,value,11913.047469242627,19.13047469242627
8,2.5,momentum,9575.503036352236,-4.244969636477635
8,2.5,adaptive,10564.125833198254,5.641258331982535
8,2.5,hybrid,17791.202312727848,77.91202312727847
8,2.5,q_learning,3681.729155034627,-63.18270844965373
9,2.5,random,7391.102304935048,-26.08897695064952
9,2.5,career,10024.209271228228,0.24209271228228318
9,2.5,trend,4451.117675369691,-55.48882324630309
9,2.5,genre,10000.0,0.0
9,2.5,mean_rev,13466.618399163513,34.66618399163514
9,2.5,loyalty,9300.186076832206,-6.998139231677942
9,2.5,value,12559.247368931296,25.592473689312957
9,2.5,momentum,9206.719100446326,-7.932808995536743
9,2.5,adaptive,9701.866033865814,-2.981339661341863
9,2.5,hybrid,21046.592437877276,110.46592437877275
9,2.5,q_learning,3057.188434034319,-69.42811565965681
10,2.5,random,6746.8212769654365,-32.531787230345635
10,2.5,career,8762.51063643872,-12.374893635612807
10,2.5,trend,4502.774842692999,-54.972251573070004
10,2.5,genre,10000.0,0.0
10,2.5,mean_rev,13592.00363632401,35.92003636324011
10,2.5,loyalty,9569.70534121991,-4.302946587800907
10,2.5,value,12162.102208170438,21.62102208170438
10,2.5,momentum,9619.879984355091,-3.801200156449086
10,2.5,adaptive,10026.915443939364,0.269154439393642
10,2.5,hybrid,19463.375081606355,94.63375081606355
10,2.5,q_learning,3045.23718732352,-69.54762812676479
11,2.5,random,6175.746124910395,-38.242538750896045
11,2.5,career,10979.40578023293,9.794057802329299
11,2.5,trend,4974.473974096865,-50.255260259031346
11,2.5,genre,10000.0,0.0
11,2.5,mean_rev,15469.26092104903,54.6926092104903
11,2.5,loyalty,9360.808355786437,-6.391916442135625
11,2.5,value,11729.803538680952,17.298035386809516
11,2.5,momentum,9583.3446980718,-4.166553019282
11,2.5,adaptive,9436.80955961686,-5.6319044038313955
11,2.5,hybrid,18340.483179249666,83.40483179249667
11,2.5,q_learning,3234.7579757224944,-67.65242024277507
12,2.5,random,6568.071329325349,-34.31928670674651
12,2.5,career,10156.835315139868,1.5683531513986781
12,2.5,trend,4350.875314417065,-56.49124685582935
12,2.5,genre,10000.0,0.0
12,2.5,mean_rev,14529.67862839534,45.29678628395341
12,2.5,loyalty,9527.586884925353,-4.72413115074647
12,2.5,value,12581.884953867353,25.81884953867353
12,2.5,momentum,9148.064832846138,-8.519351671538624
12,2.5,adaptive,8501.076111939028,-14.989238880609719
12,2.5,hybrid,20341.70911639562,103.41709116395621
12,2.5,q_learning,3391.686293120287,-66.08313706879713
13,2.5,random,6172.941879568857,-38.270581204311426
13,2.5,career,12977.889792668446,29.778897926684458
13,2.5,trend,4438.109885129412,-55.61890114870588
13,2.5,genre,10000.0,0.0
13,2.5,mean_rev,14558.551545498573,45.585515454985725
13,2.5,loyalty,9519.51183627816,-4.804881637218404
13,2.5,value,13726.647947006451,37.26647947006452
13,2.5,momentum,9019.654244459989,-9.80345755540011
13,2.5,adaptive,9006.009275882097,-9.939907241179025
13,2.5,hybrid,18424.85232624172,84.24852326241718
13,2.5,q_learning,3095.818310383674,-69.04181689616325
14,2.5,random,6799.023788566644,-32.00976211433356
14,2.5,career,8998.975017038212,-10.010249829617878
14,2.5,trend,4417.244683789303,-55.827553162106966
14,2.5,genre,10000.0,0.0
14,2.5,mean_rev,12131.537821704538,21.31537821704538
14,2.5,loyalty,9637.314061013481,-3.626859389865185
14,2.5,value,11209.920990939472,12.099209909394721
14,2.5,momentum,9896.548880556782,-1.0345111944321799
14,2.5,adaptive,9802.344883819595,-1.9765511618040545
14,2.5,hybrid,19940.364014181374,99.40364014181374
14,2.5,q_learning,2920.3579048050833,-70.79642095194917
15,2.5,random,6393.441108934866,-36.06558891065134
15,2.5,career,9124.567689019037,-8.75432310980963
15,2.5,trend,3920.191269809485,-60.79808730190514
15,2.5,genre,10000.0,0.0
15,2.5,mean_rev,11751.374580988675,17.51374580988675
15,2.5,loyalty,9659.389153641068,-3.406108463589317
15,2.5,value,11334.149229133602,13.341492291336017
15,2.5,momentum,10398.362486043025,3.9836248604302456
15,2.5,adaptive,9517.619933489772,-4.82380066510228
15,2.5,hybrid,18307.551238411517,83.07551238411517
15,2.5,q_learning,3672.901746355287,-63.270982536447136
16,2.5,random,6185.640783070403,-38.14359216929597
16,2.5,career,11702.007809480872,17.020078094808724
16,2.5,trend,4176.559594900472,-58.23440405099528
16,2.5,genre,10000.0,0.0
16,2.5,mean_rev,11015.987054722777,10.159870547227765
16,2.5,loyalty,9574.189790643039,-4.258102093569614
16,2.5,value,12245.38072620417,22.4538072620417
16,2.5,momentum,9916.081001801358,-0.8391899819864193
16,2.5,adaptive,8619.988547046943,-13.800114529530566
16,2.5,hybrid,20151.98882977254,101.51988829772542
16,2.5,q_learning,3720.8253716044437,-62.79174628395556
17,2.5,random,7267.774583203288,-27.32225416796712
17,2.5,career,10871.387863907068,8.71387863907068
17,2.5,trend,4547.493859644149,-54.52506140355851
17,2.5,genre,10000.0,0.0
17,2.5,mean_rev,12050.150046130599,20.501500461305987
17,2.5,loyalty,9593.173640962159,-4.06826359037841
17,2.5,value,13088.871994498126,30.888719944981258
17,2.5,momentum,10305.57137554898,3.0557137554897964
17,2.5,adaptive,9628.331286731851,-3.716687132681491
17,2.5,hybrid,19861.24808681456,98.61248086814561
17,2.5,q_learning,4280.072568074437,-57.19927431925563
18,2.5,random,6952.933863605852,-30.47066136394148
18,2.5,career,10835.514751582932,8.355147515829321
18,2.5,trend,4578.568158858733,-54.21431841141267
18,2.5,genre,10000.0,0.0
18,2.5,mean_rev,14003.133267156374,40.03133267156374
18,2.5,loyalty,9686.441597693094,-3.1355840230690593
18,2.5,value,13220.458949867052,32.20458949867052
18,2.5,momentum,8954.157193597199,-10.458428064028013
18,2.5,adaptive,7669.299107823104,-23.307008921768958
18,2.5,hybrid,19577.027576346758,95.77027576346758
18,2.5,q_learning,3795.694473138679,-62.04305526861321
19,2.5,random,6687.288964130013,-33.12711035869987
19,2.5,career,11049.17352896648,10.491735289664794
19,2.5,trend,4032.0922134203797,-59.67907786579621
19,2.5,genre,10000.0,0.0
19,2.5,mean_rev,12503.500904770202,25.035009047702022
19,2.5,loyalty,9468.680583779997,-5.313194162200034
19,2.5,value,10858.971951142576,8.589719511425756
19,2.5,momentum,8412.333468003948,-15.876665319960521
19,2.5,adaptive,8203.878107389351,-17.961218926106486
19,2.5,hybrid,16949.959699128944,69.49959699128944
19,2.5,q_learning,3096.221784832838,-69.03778215167162
20,2.5,random,6938.862237500891,-30.611377624991093
20,2.5,career,12650.759527284312,26.50759527284312
20,2.5,trend,3672.2435629767497,-63.277564370232504
20,2.5,genre,10000.0,0.0
20,2.5,mean_rev,12741.074320123524,27.410743201235235
20,2.5,loyalty,9631.55829374271,-3.6844170625729022
20,2.5,value,11984.981963396285,19.849819633962852
20,2.5,momentum,8508.500305892496,-14.914996941075042
20,2.5,adaptive,8822.209536698136,-11.777904633018643
20,2.5,hybrid,20968.31580476254,109.6831580476254
20,2.5,q_learning,2676.3230783357,-73.23676921664301
21,2.5,random,7057.844686391888,-29.42155313608112
21,2.5,career,10268.596947195723,2.6859694719572325
21,2.5,trend,4624.234500507163,-53.75765499492837
21,2.5,genre,10000.0,0.0
21,2.5,mean_rev,13120.764782002541,31.207647820025414
21,2.5,loyalty,9675.26523101923,-3.2473476898077025
21,2.5,value,13765.877613708617,37.65877613708617
21,2.5,momentum,9304.627367877347,-6.953726321226531
21,2.5,adaptive,9285.642019530584,-7.143579804694164
21,2.5,hybrid,20495.31174225642,104.9531174225642
21,2.5,q_learning,4521.093874604976,-54.78906125395024
22,2.5,random,6352.071044127148,-36.479289558728524
22,2.5,career,9886.320015711832,-1.1367998428816828
22,2.5,trend,3594.765293838154,-64.05234706161846
22,2.5,genre,10000.0,0.0
22,2.5,mean_rev,10925.358307257353,9.253583072573528
22,2.5,loyalty,9489.534404323853,-5.104655956761471
22,2.5,value,12562.198078186235,25.621980781862348
22,2.5,momentum,8966.410819861718,-10.335891801382822
22,2.5,adaptive,8432.327610993565,-15.67672389006435
22,2.5,hybrid,16641.891127565083,66.41891127565083
22,2.5,q_learning,3857.4722461470656,-61.42527753852934
23,2.5,random,7324.401362072216,-26.75598637927784
23,2.5,career,12427.609225878947,24.27609225878947
23,2.5,trend,5140.340891267663,-48.59659108732337
23,2.5,genre,10000.0,0.0
23,2.5,mean_rev,14695.987411843582,46.95987411843582
23,2.5,loyalty,9692.118332283728,-3.078816677162722
23,2.5,value,12894.529070527087,28.94529070527087
23,2.5,momentum,9722.175911948772,-2.778240880512276
23,2.5,adaptive,8806.808269798114,-11.931917302018865
23,2.5,hybrid,19752.11560906597,97.52115609065972
23,2.5,q_learning,5076.342780208276,-49.23657219791724
24,2.5,random,6521.499652610241,-34.78500347389759
24,2.5,career,11125.218963108082,11.25218963108082
24,2.5,trend,3744.495957392479,-62.55504042607521
24,2.5,genre,10000.0,0.0
24,2.5,mean_rev,11953.562668319793,19.535626683197933
24,2.5,loyalty,9542.751579568694,-4.572484204313059
24,2.5,value,13462.830393515484,34.62830393515483
24,2.5,momentum,9160.679276347933,-8.393207236520666
24,2.5,adaptive,8539.557076028424,-14.604429239715754
24,2.5,hybrid,20384.440182698134,103.84440182698134
24,2.5,q_learning,3369.9928562375426,-66.30007143762458
25,2.5,random,6638.337177713312,-33.616628222866886
25,2.5,career,10826.30156085311,8.263015608531095
25,2.5,trend,4019.7862901309577,-59.802137098690416
25,2.5,genre,10000.0,0.0
25,2.5,mean_rev,9103.329427651177,-8.96670572348823
25,2.5,loyalty,9474.610383789317,-5.25389616210683
25,2.5,value,11630.64293963116,16.306429396311596
25,2.5,momentum,9669.220085329698,-3.3077991467030188
25,2.5,adaptive,8578.298494795166,-14.217015052048337
25,2.5,hybrid,19875.990378095,98.75990378095001
25,2.5,q_learning,3626.1885788650743,-63.738114211349256
26,2.5,random,6667.167634305073,-33.328323656949266
26,2.5,career,8578.286813198756,-14.217131868012439
26,2.5,trend,4162.652290191205,-58.37347709808795
26,2.5,genre,10000.0,0.0
26,2.5,mean_rev,13455.515014495053,34.55515014495053
26,2.5,loyalty,9773.164481979371,-2.2683551802062905
26,2.5,value,12829.077048208133,28.290770482081335
26,2.5,momentum,9153.860720159711,-8.461392798402885
26,2.5,adaptive,8636.064049642342,-13.639359503576578
26,2.5,hybrid,19683.474403407643,96.83474403407644
26,2.5,q_learning,3931.74333123423,-60.6825666876577
27,2.5,random,5855.5825654060845,-41.44417434593915
27,2.5,career,8368.499484079346,-16.31500515920654
27,2.5,trend,4130.350109324887,-58.69649890675113
27,2.5,genre,10000.0,0.0
27,2.5,mean_rev,14101.490376465765,41.014903764657646
27,2.5,loyalty,9615.043880466666,-3.8495611953333353
27,2.5,value,11349.537492188832,13.495374921888324
27,2.5,momentum,9760.340686656402,-2.396593133435981
27,2.5,adaptive,9150.91716369333,-8.490828363066703
27,2.5,hybrid,21515.89562703509,115.1589562703509
27,2.5,q_learning,2901.49166599409,-70.9850833400591
28,2.5,random,6784.1024530543045,-32.158975469456955
28,2.5,career,10930.528495872364,9.305284958723641
28,2.5,trend,4963.45559888236,-50.36544401117639
28,2.5,genre,10000.0,0.0
28,2.5,mean_rev,13467.936285043375,34.679362850433755
28,2.5,loyalty,9406.983039613126,-5.930169603868745
28,2.5,value,13298.229137532922,32.982291375329226
28,2.5,momentum,9322.046322295912,-6.779536777040885
28,2.5,adaptive,8862.468762928333,-11.375312370716674
28,2.5,hybrid,18926.782380107546,89.26782380107547
28,2.5,q_learning,4111.618782952189,-58.883812170478116
29,2.5,random,6203.948184051831,-37.96051815948169
29,2.5,career,9311.923688040284,-6.880763119597159
29,2.5,trend,4371.371016230793,-56.28628983769207
29,2.5,genre,10000.0,0.0
29,2.5,mean_rev,13645.274832129688,36.45274832129687
29,2.5,loyalty,9745.911530998896,-2.540884690011044
29,2.5,value,12125.996970340171,21.259969703401712
29,2.5,momentum,10249.364016830574,2.4936401683057374
29,2.5,adaptive,9790.442536998458,-2.0955746300154168
29,2.5,hybrid,18870.18468946543,88.7018468946543
29,2.5,q_learning,2846.9432538015208,-71.53056746198479
